id,lat,lng,qty,departure,confirm,
0,30.498365,114.232708,20,2023-10-21 08:32:32,2023-10-21 10:37:09
1,30.498784,114.234103,50,2023-10-21 08:32:32,2023-10-21 10:41:59
2,30.501225,114.201844,51,2023-10-21 08:08:49,2023-10-21 09:54:10
3,30.501261,114.201801,259,2023-10-21 08:08:49,2023-10-21 10:00:44
4,30.501832,114.235938,12,2023-10-21 08:32:32,2023-10-21 10:29:54
5,30.502206,114.235626,6,2023-10-21 08:32:32,2023-10-21 10:33:39
6,30.503441,114.229901,122,2023-10-21 08:32:32,2023-10-21 10:14:41
7,30.503187,114.230356,51,2023-10-21 08:32:32,2023-10-21 10:21:22
8,30.505493,114.201085,9,2023-10-21 08:08:49,2023-10-21 09:47:53
9,30.504441,114.204502,2,2023-10-21 08:08:49,2023-10-21 10:08:38
10,30.507065,114.231495,141,2023-10-21 08:32:32,2023-10-21 09:50:05
11,30.506906,114.231178,18,2023-10-21 08:32:32,2023-10-21 09:55:32
12,30.506403,114.230443,129,2023-10-21 08:32:32,2023-10-21 10:05:08
13,30.505821,114.19799,71,2023-10-21 08:08:49,2023-10-21 09:34:42
14,30.506769,114.198319,43,2023-10-21 08:08:49,2023-10-21 09:40:54
15,30.50516,114.22576,16,2023-10-21 08:32:32,2023-10-21 08:54:10
16,30.50516,114.22576,3,2023-10-21 08:32:32,2023-10-21 08:55:31
17,30.50555,114.22653,14,2023-10-21 08:32:32,2023-10-21 08:56:49
18,30.506869,114.221134,73,2023-10-21 08:32:32,2023-10-21 08:49:39
19,30.506046,114.218952,21,2023-10-21 09:17:58,2023-10-21 10:38:24
20,30.506632,114.218843,16,2023-10-21 09:17:58,2023-10-21 10:39:09
21,30.506722,114.217351,154,2023-10-21 09:17:58,2023-10-21 10:44:15
22,30.507209,114.216419,15,2023-10-21 09:17:58,2023-10-21 10:46:28
23,30.506331,114.216806,193,2023-10-21 09:17:58,2023-10-21 10:50:48
24,30.508194,114.216217,27,2023-10-21 09:17:58,2023-10-21 10:55:44
25,30.508045,114.21697,132,2023-10-21 09:17:58,2023-10-21 10:58:26
26,30.509662,114.194142,65,2023-10-21 08:09:54,2023-10-21 08:48:57
27,30.509263,114.193324,48,2023-10-21 08:09:54,2023-10-21 08:54:29
28,30.508389,114.194789,92,2023-10-21 08:09:54,2023-10-21 09:18:10
29,30.506345,114.204975,5,2023-10-21 08:08:49,2023-10-21 08:29:07
30,30.506191,114.205494,10,2023-10-21 08:08:49,2023-10-21 08:31:06
31,30.50635,114.205178,52,2023-10-21 08:08:49,2023-10-21 08:31:51
32,30.506468,114.204398,2,2023-10-21 08:08:49,2023-10-21 08:35:03
33,30.506491,114.204621,20,2023-10-21 08:08:49,2023-10-21 08:37:30
34,30.506811,114.203891,11,2023-10-21 08:08:49,2023-10-21 08:41:26
35,30.507141,114.203276,22,2023-10-21 08:08:49,2023-10-21 08:44:18
36,30.507814,114.202971,6,2023-10-21 08:08:49,2023-10-21 08:46:10
37,30.508195,114.203365,26,2023-10-21 08:08:49,2023-10-21 08:47:40
38,30.508813,114.204123,49,2023-10-21 08:08:49,2023-10-21 08:52:57
39,30.507895,114.205225,4,2023-10-21 08:08:49,2023-10-21 08:58:03
40,30.508229,114.205201,7,2023-10-21 08:08:49,2023-10-21 08:58:58
41,30.508312,114.205282,2,2023-10-21 08:08:49,2023-10-21 08:59:43
42,30.507865,114.205218,9,2023-10-21 08:08:49,2023-10-21 09:01:35
43,30.507082,114.204509,4,2023-10-21 08:08:49,2023-10-21 09:02:36
44,30.507263,114.204463,32,2023-10-21 08:08:49,2023-10-21 09:03:35
45,30.508018,114.20329,69,2023-10-21 08:08:49,2023-10-21 09:09:30
46,30.507415,114.203407,202,2023-10-21 08:08:49,2023-10-21 09:16:53
47,30.507222,114.203959,43,2023-10-21 08:08:49,2023-10-21 09:22:04
48,30.508775,114.226373,105,2023-10-21 08:32:32,2023-10-21 09:03:50
49,30.50889,114.231614,112,2023-10-21 08:32:32,2023-10-21 09:37:17
50,30.509682,114.229584,93,2023-10-21 08:32:32,2023-10-21 09:41:46
51,30.505745,114.205733,18,2023-10-21 08:08:49,2023-10-21 08:30:45
52,30.509274,114.216964,37,2023-10-21 09:17:58,2023-10-21 09:48:42
53,30.509287,114.216647,39,2023-10-21 09:17:58,2023-10-21 09:53:10
54,30.509625,114.216885,10,2023-10-21 09:17:58,2023-10-21 09:57:16
55,30.509019,114.217099,52,2023-10-21 09:17:58,2023-10-21 10:00:16
56,30.510464,114.218912,403,2023-10-21 08:31:09,2023-10-21 08:58:34
57,30.509949,114.197248,248,2023-10-21 08:32:03,2023-10-21 08:54:42
58,30.510364,114.196711,25,2023-10-21 08:32:03,2023-10-21 08:58:27
59,30.510914,114.195504,57,2023-10-21 08:32:03,2023-10-21 09:04:08
60,30.509256,114.197968,99,2023-10-21 08:32:03,2023-10-21 09:58:27
61,30.511481,114.222339,9,2023-10-21 08:31:09,2023-10-21 09:06:10
62,30.510958,114.220372,75,2023-10-21 08:31:09,2023-10-21 09:37:12
63,30.511509,114.220588,7,2023-10-21 08:31:09,2023-10-21 09:54:29
64,30.508923,114.213743,94,2023-10-21 09:17:58,2023-10-21 10:09:02
65,30.510559,114.214903,52,2023-10-21 09:17:58,2023-10-21 10:14:13
66,30.510473,114.216393,427,2023-10-21 09:17:58,2023-10-21 10:28:12
67,30.512349,114.224409,36,2023-10-21 08:31:09,2023-10-21 09:12:55
68,30.511952,114.19581,1,2023-10-21 08:32:03,2023-10-21 09:09:02
69,30.511508,114.196582,2,2023-10-21 08:32:03,2023-10-21 09:09:31
70,30.51228,114.198021,164,2023-10-21 08:32:03,2023-10-21 09:17:49
71,30.512247,114.1981,47,2023-10-21 08:32:03,2023-10-21 09:25:59
72,30.512607,114.197217,15,2023-10-21 08:32:03,2023-10-21 09:30:03
73,30.512625,114.196595,13,2023-10-21 08:32:03,2023-10-21 09:35:39
74,30.511302,114.199643,31,2023-10-21 08:32:03,2023-10-21 09:42:24
75,30.510991,114.199161,6,2023-10-21 08:32:03,2023-10-21 09:44:44
76,30.511823,114.199574,10,2023-10-21 08:32:03,2023-10-21 09:46:51
77,30.513019,114.241345,14,2023-10-21 08:01:04,2023-10-21 10:24:48
78,30.512271,114.243591,4,2023-10-21 08:01:04,2023-10-21 10:30:12
79,30.512393,114.211818,355,2023-10-21 08:10:13,2023-10-21 09:03:39
80,30.511516,114.211677,1,2023-10-21 08:10:13,2023-10-21 09:09:28
81,30.511793,114.211777,11,2023-10-21 08:10:13,2023-10-21 09:14:08
82,30.512913,114.211893,13,2023-10-21 08:10:13,2023-10-21 09:21:31
83,30.511541,114.212049,3,2023-10-21 08:10:13,2023-10-21 09:24:22
84,30.511806,114.185838,57,2023-10-21 08:09:54,2023-10-21 10:22:29
85,30.511262,114.185412,12,2023-10-21 08:09:54,2023-10-21 10:24:22
86,30.511889,114.184263,46,2023-10-21 08:09:54,2023-10-21 10:26:26
87,30.512326,114.184066,41,2023-10-21 08:09:54,2023-10-21 10:36:26
88,30.511651,114.183181,22,2023-10-21 08:09:54,2023-10-21 10:40:21
89,30.512591,114.180632,3,2023-10-21 08:09:54,2023-10-21 10:45:29
90,30.51256,114.181562,22,2023-10-21 08:09:54,2023-10-21 10:46:57
91,30.509527,114.181645,8,2023-10-21 06:59:38,2023-10-21 07:35:06
92,30.507786,114.184206,95,2023-10-21 07:47:15,2023-10-21 09:30:20
93,30.507691,114.184911,193,2023-10-21 07:47:15,2023-10-21 09:46:32
94,30.507523,114.185103,73,2023-10-21 07:47:15,2023-10-21 10:08:44
95,30.512665,114.217875,31,2023-10-21 08:31:09,2023-10-21 08:42:55
96,30.513093,114.222809,48,2023-10-21 08:31:09,2023-10-21 09:18:51
97,30.513074,114.221483,8,2023-10-21 08:31:09,2023-10-21 09:42:29
98,30.513869,114.221842,29,2023-10-21 08:31:09,2023-10-21 09:46:13
99,30.513327,114.222147,7,2023-10-21 08:31:09,2023-10-21 09:56:32
100,30.512707,114.235678,41,2023-10-21 08:32:32,2023-10-21 09:22:46
101,30.512735,114.235699,2,2023-10-21 08:32:32,2023-10-21 09:23:13
102,30.51268,114.236155,5,2023-10-21 08:32:32,2023-10-21 09:25:52
103,30.514605,114.206787,181,2023-10-21 08:10:13,2023-10-21 08:40:14
104,30.51215,114.238506,106,2023-10-21 08:01:04,2023-10-21 09:54:54
105,30.512995,114.239105,50,2023-10-21 08:01:04,2023-10-21 10:03:54
106,30.513306,114.238314,22,2023-10-21 08:01:04,2023-10-21 10:05:21
107,30.513476,114.239143,75,2023-10-21 08:01:04,2023-10-21 10:13:30
108,30.513654,114.250243,327,2023-10-21 07:47:59,2023-10-21 08:15:45
109,30.515375,114.249138,20,2023-10-21 08:01:04,2023-10-21 08:44:19
110,30.514156,114.220668,36,2023-10-21 08:31:09,2023-10-21 09:28:44
111,30.51474,114.22064,85,2023-10-21 08:31:09,2023-10-21 10:03:05
112,30.514855,114.214554,55,2023-10-21 08:10:13,2023-10-21 09:40:17
113,30.515369,114.215139,6,2023-10-21 08:10:13,2023-10-21 10:22:51
114,30.515171,114.215361,29,2023-10-21 08:10:13,2023-10-21 10:24:37
115,30.514446,114.215516,7,2023-10-21 08:10:13,2023-10-21 10:30:14
116,30.51457,114.21935,22,2023-10-21 08:31:09,2023-10-21 10:06:33
117,30.513972,114.233352,51,2023-10-21 08:32:32,2023-10-21 09:09:46
118,30.516126,114.216556,13,2023-10-21 08:10:13,2023-10-21 10:14:34
119,30.51049,114.193628,6,2023-10-21 08:09:54,2023-10-21 09:06:15
120,30.515664,114.201474,4,2023-10-21 08:17:12,2023-10-21 08:42:44
121,30.516529,114.202338,232,2023-10-21 08:17:12,2023-10-21 09:25:49
122,30.516351,114.201983,70,2023-10-21 08:17:12,2023-10-21 09:28:44
123,30.51513,114.203739,80,2023-10-21 08:17:12,2023-10-21 09:35:35
124,30.516032,114.204554,36,2023-10-21 08:17:12,2023-10-21 09:40:27
125,30.51658,114.204023,27,2023-10-21 08:17:12,2023-10-21 09:42:38
126,30.516636,114.24504,20,2023-10-21 08:01:04,2023-10-21 08:22:38
127,30.516077,114.249007,2,2023-10-21 08:01:04,2023-10-21 08:26:56
128,30.514358,114.24748,17,2023-10-21 08:01:04,2023-10-21 08:31:57
129,30.514019,114.247213,2,2023-10-21 08:01:04,2023-10-21 08:33:53
130,30.513771,114.247074,4,2023-10-21 08:01:04,2023-10-21 08:34:24
131,30.513698,114.246887,10,2023-10-21 08:01:04,2023-10-21 08:36:15
132,30.513951,114.246526,20,2023-10-21 08:01:04,2023-10-21 08:38:10
133,30.516896,114.237319,2,2023-10-21 08:01:04,2023-10-21 09:43:10
134,30.516146,114.226007,24,2023-10-21 08:43:20,2023-10-21 09:36:16
135,30.517429,114.226143,65,2023-10-21 08:43:20,2023-10-21 09:43:08
136,30.516778,114.215207,13,2023-10-21 08:10:13,2023-10-21 10:08:48
137,30.516768,114.215644,10,2023-10-21 08:10:13,2023-10-21 10:11:23
138,30.516437,114.21581,1,2023-10-21 08:10:13,2023-10-21 10:13:17
139,30.515798,114.21592,10,2023-10-21 08:10:13,2023-10-21 10:16:15
140,30.516166,114.215472,23,2023-10-21 08:10:13,2023-10-21 10:19:53
141,30.512569,114.211099,13,2023-10-21 08:10:13,2023-10-21 09:14:23
142,30.513077,114.210348,4,2023-10-21 08:10:13,2023-10-21 09:17:15
143,30.518828,114.252648,1,2023-10-21 07:47:59,2023-10-21 08:21:08
144,30.51697,114.23704,65,2023-10-21 08:01:04,2023-10-21 09:42:49
145,30.519021,114.223441,2,2023-10-21 08:43:20,2023-10-21 09:24:56
146,30.519133,114.218361,10,2023-10-21 08:15:22,2023-10-21 08:41:03
147,30.517427,114.201087,87,2023-10-21 08:17:12,2023-10-21 09:50:29
148,30.518356,114.19883,36,2023-10-21 08:32:03,2023-10-21 10:12:11
149,30.518872,114.199217,11,2023-10-21 08:32:03,2023-10-21 10:17:40
150,30.518011,114.199191,74,2023-10-21 08:32:03,2023-10-21 10:20:26
151,30.515154,114.213314,31,2023-10-21 08:10:13,2023-10-21 09:29:26
152,30.516201,114.213799,41,2023-10-21 08:10:13,2023-10-21 09:43:22
153,30.515646,114.213706,6,2023-10-21 08:10:13,2023-10-21 09:47:33
154,30.516357,114.214357,20,2023-10-21 08:10:13,2023-10-21 09:49:46
155,30.516453,114.213341,5,2023-10-21 08:10:13,2023-10-21 09:53:40
156,30.516536,114.21333,4,2023-10-21 08:10:13,2023-10-21 09:54:04
157,30.518898,114.212798,23,2023-10-21 08:10:13,2023-10-21 09:58:04
158,30.517784,114.215703,19,2023-10-21 08:10:13,2023-10-21 10:01:32
159,30.517477,114.215447,62,2023-10-21 08:10:13,2023-10-21 10:05:24
160,30.518228,114.203738,415,2023-10-21 08:17:12,2023-10-21 08:59:53
161,30.518052,114.205792,193,2023-10-21 08:17:12,2023-10-21 09:15:21
162,30.518863,114.203361,54,2023-10-21 08:17:12,2023-10-21 10:00:21
163,30.519271,114.203634,11,2023-10-21 08:17:12,2023-10-21 10:12:56
164,30.518677,114.204018,2,2023-10-21 08:17:12,2023-10-21 10:13:36
165,30.518045,114.225711,37,2023-10-21 08:43:20,2023-10-21 09:48:03
166,30.519967,114.226424,8,2023-10-21 08:43:20,2023-10-21 09:51:33
167,30.517784,114.229004,101,2023-10-21 08:43:20,2023-10-21 09:58:35
168,30.517701,114.229141,39,2023-10-21 08:43:20,2023-10-21 10:03:13
169,30.520388,114.22529,363,2023-10-21 08:43:20,2023-10-21 09:22:05
170,30.519481,114.224423,7,2023-10-21 07:46:07,2023-10-21 09:12:27
171,30.519762,114.261345,8,2023-10-21 07:49:16,2023-10-21 09:08:13
172,30.520259,114.261223,2,2023-10-21 07:49:16,2023-10-21 09:11:45
173,30.52069,114.261127,19,2023-10-21 07:49:16,2023-10-21 09:13:37
174,30.519737,114.260847,24,2023-10-21 07:49:16,2023-10-21 09:15:46
175,30.520102,114.218276,23,2023-10-21 08:15:22,2023-10-21 08:42:07
176,30.52041,114.21857,33,2023-10-21 08:15:22,2023-10-21 08:43:16
177,30.520992,114.218575,31,2023-10-21 08:15:22,2023-10-21 08:47:36
178,30.520505,114.219033,57,2023-10-21 08:15:22,2023-10-21 08:52:20
179,30.520301,114.21924,23,2023-10-21 08:15:22,2023-10-21 08:53:18
180,30.519086,114.203296,6,2023-10-21 08:17:12,2023-10-21 10:07:16
181,30.519586,114.228726,2,2023-10-21 08:43:20,2023-10-21 10:07:37
182,30.521921,114.227901,28,2023-10-21 08:43:20,2023-10-21 10:28:57
183,30.520288,114.249858,142,2023-10-21 08:01:04,2023-10-21 09:23:29
184,30.521916,114.203443,15,2023-10-21 08:17:12,2023-10-21 10:20:02
185,30.521344,114.202836,15,2023-10-21 08:17:12,2023-10-21 10:23:41
186,30.521461,114.223841,19,2023-10-21 08:43:20,2023-10-21 09:00:26
187,30.522072,114.227235,30,2023-10-21 08:43:20,2023-10-21 10:32:09
188,30.51439,114.190218,32,2023-10-21 08:09:54,2023-10-21 09:25:01
189,30.513066,114.190278,179,2023-10-21 08:09:54,2023-10-21 09:36:09
190,30.513251,114.190501,18,2023-10-21 08:09:54,2023-10-21 09:37:24
191,30.513787,114.188775,2,2023-10-21 08:09:54,2023-10-21 09:40:51
192,30.514363,114.182849,22,2023-10-21 08:09:54,2023-10-21 09:50:49
193,30.513123,114.184535,46,2023-10-21 08:09:54,2023-10-21 09:57:35
194,30.513699,114.184064,6,2023-10-21 08:09:54,2023-10-21 10:00:08
195,30.51391,114.183823,4,2023-10-21 08:09:54,2023-10-21 10:01:00
196,30.510815,114.188274,2,2023-10-21 08:09:54,2023-10-21 10:07:03
197,30.511459,114.187561,11,2023-10-21 08:09:54,2023-10-21 10:09:31
198,30.51873,114.182195,53,2023-10-21 06:59:38,2023-10-21 07:45:13
199,30.519446,114.184024,7,2023-10-21 06:59:38,2023-10-21 07:48:36
200,30.519459,114.18308,5,2023-10-21 06:59:38,2023-10-21 07:50:39
201,30.519594,114.183579,22,2023-10-21 06:59:38,2023-10-21 07:51:56
202,30.519469,114.184016,50,2023-10-21 06:59:38,2023-10-21 07:56:55
203,30.518038,114.235851,45,2023-10-21 08:01:04,2023-10-21 09:45:54
204,30.521843,114.261215,56,2023-10-21 07:49:16,2023-10-21 09:22:31
205,30.521381,114.261641,19,2023-10-21 07:49:16,2023-10-21 09:24:31
206,30.521759,114.260289,33,2023-10-21 07:49:16,2023-10-21 09:29:00
207,30.521384,114.252574,7,2023-10-21 08:52:22,2023-10-21 10:32:01
208,30.522435,114.250625,55,2023-10-21 08:52:22,2023-10-21 10:45:10
209,30.522147,114.251147,59,2023-10-21 08:52:22,2023-10-21 10:48:44
210,30.520823,114.250674,50,2023-10-21 08:01:04,2023-10-21 08:56:59
211,30.521629,114.249238,50,2023-10-21 08:01:04,2023-10-21 09:02:26
212,30.521702,114.249771,150,2023-10-21 08:01:04,2023-10-21 09:14:38
213,30.521444,114.199516,120,2023-10-21 07:55:08,2023-10-21 08:48:19
214,30.520245,114.199211,131,2023-10-21 07:55:08,2023-10-21 08:56:02
215,30.521592,114.200303,159,2023-10-21 07:55:08,2023-10-21 09:11:11
216,30.51945,114.253037,29,2023-10-21 07:47:59,2023-10-21 08:19:54
217,30.521145,114.254555,11,2023-10-21 07:47:59,2023-10-21 08:23:19
218,30.518486,114.253606,42,2023-10-21 07:47:59,2023-10-21 10:22:10
219,30.519187,114.25533,118,2023-10-21 07:47:59,2023-10-21 10:27:43
220,30.521439,114.255569,77,2023-10-21 07:47:59,2023-10-21 10:44:38
221,30.521378,114.255648,37,2023-10-21 07:47:59,2023-10-21 10:48:11
222,30.52068,114.256096,112,2023-10-21 07:47:59,2023-10-21 10:50:57
223,30.520729,114.255684,241,2023-10-21 07:47:59,2023-10-21 10:56:26
224,30.522526,114.231375,131,2023-10-21 08:43:20,2023-10-21 10:57:13
225,30.523442,114.220042,84,2023-10-21 08:15:22,2023-10-21 09:05:16
226,30.521864,114.223591,7,2023-10-21 08:43:20,2023-10-21 08:58:55
227,30.522301,114.223236,25,2023-10-21 08:43:20,2023-10-21 09:01:11
228,30.523048,114.257564,8,2023-10-21 07:47:59,2023-10-21 08:26:20
229,30.522854,114.258114,13,2023-10-21 07:47:59,2023-10-21 08:28:09
230,30.522444,114.258937,155,2023-10-21 07:47:59,2023-10-21 08:35:15
231,30.523289,114.244479,26,2023-10-21 08:30:50,2023-10-21 09:24:36
232,30.523525,114.244108,1,2023-10-21 08:30:50,2023-10-21 09:45:09
233,30.523128,114.243978,110,2023-10-21 08:30:50,2023-10-21 09:50:47
234,30.523591,114.243711,21,2023-10-21 08:30:50,2023-10-21 10:07:31
235,30.522274,114.243591,79,2023-10-21 08:30:50,2023-10-21 10:08:15
236,30.521712,114.244433,1,2023-10-21 08:30:50,2023-10-21 10:11:35
237,30.523008,114.250137,50,2023-10-21 08:52:22,2023-10-21 10:55:01
238,30.523312,114.250961,11,2023-10-21 08:52:22,2023-10-21 10:59:19
239,30.523539,114.221046,38,2023-10-21 08:15:22,2023-10-21 09:14:08
240,30.521053,114.246773,15,2023-10-21 08:01:04,2023-10-21 09:31:30
241,30.523743,114.255253,113,2023-10-21 07:47:59,2023-10-21 09:04:46
242,30.523375,114.255575,7,2023-10-21 07:47:59,2023-10-21 09:07:07
243,30.522698,114.255428,17,2023-10-21 07:47:59,2023-10-21 09:09:16
244,30.523206,114.253136,171,2023-10-21 07:47:59,2023-10-21 10:39:29
245,30.525282,114.203701,1,2023-10-21 07:55:08,2023-10-21 09:17:46
246,30.524708,114.241257,163,2023-10-21 08:01:50,2023-10-21 08:30:40
247,30.523033,114.228943,260,2023-10-21 08:43:20,2023-10-21 10:21:05
248,30.522001,114.230278,4,2023-10-21 08:43:20,2023-10-21 10:25:15
249,30.522457,114.226177,21,2023-10-21 08:43:20,2023-10-21 10:37:43
250,30.523926,114.226753,17,2023-10-21 08:43:20,2023-10-21 10:41:29
251,30.524283,114.227331,16,2023-10-21 08:43:20,2023-10-21 10:43:59
252,30.524513,114.227353,14,2023-10-21 08:43:20,2023-10-21 10:44:58
253,30.524789,114.228936,7,2023-10-21 08:43:20,2023-10-21 10:46:21
254,30.524337,114.229553,13,2023-10-21 08:43:20,2023-10-21 10:48:06
255,30.524228,114.229939,10,2023-10-21 08:43:20,2023-10-21 10:49:08
256,30.524497,114.219271,91,2023-10-21 08:15:22,2023-10-21 09:07:12
257,30.524152,114.219782,10,2023-10-21 08:15:22,2023-10-21 09:09:41
258,30.524037,114.219667,5,2023-10-21 07:56:11,2023-10-21 10:05:58
259,30.524982,114.251122,24,2023-10-21 07:49:16,2023-10-21 08:52:41
260,30.524982,114.251122,174,2023-10-21 07:49:16,2023-10-21 08:58:26
261,30.524884,114.252934,30,2023-10-21 07:49:16,2023-10-21 09:00:25
262,30.524288,114.195799,27,2023-10-21 07:55:08,2023-10-21 10:14:25
263,30.520519,114.194802,11,2023-10-21 07:55:08,2023-10-21 10:19:31
264,30.521496,114.195865,110,2023-10-21 07:55:08,2023-10-21 10:26:04
265,30.52337,114.195156,77,2023-10-21 07:55:08,2023-10-21 10:36:02
266,30.522934,114.193695,42,2023-10-21 07:55:08,2023-10-21 10:40:39
267,30.524574,114.194543,19,2023-10-21 07:55:08,2023-10-21 10:44:25
268,30.525347,114.192764,42,2023-10-21 07:55:08,2023-10-21 10:47:51
269,30.525721,114.231561,81,2023-10-21 07:56:11,2023-10-21 10:20:25
270,30.526052,114.246129,11,2023-10-21 08:01:50,2023-10-21 08:47:13
271,30.526756,114.245316,33,2023-10-21 08:01:50,2023-10-21 08:58:38
272,30.525037,114.244924,164,2023-10-21 08:30:50,2023-10-21 09:38:21
273,30.525634,114.244549,22,2023-10-21 08:30:50,2023-10-21 09:40:29
274,30.524976,114.243555,14,2023-10-21 08:30:50,2023-10-21 10:15:18
275,30.527083,114.235013,87,2023-10-21 07:56:11,2023-10-21 10:30:30
276,30.525856,114.256172,13,2023-10-21 07:49:16,2023-10-21 08:30:49
277,30.525164,114.257332,23,2023-10-21 07:49:16,2023-10-21 10:19:07
278,30.525033,114.257503,99,2023-10-21 07:49:16,2023-10-21 10:21:13
279,30.525188,114.256168,5,2023-10-21 07:49:16,2023-10-21 10:24:10
280,30.526455,114.255562,23,2023-10-21 07:49:16,2023-10-21 10:27:28
281,30.524033,114.256844,28,2023-10-21 07:47:59,2023-10-21 08:51:42
282,30.524641,114.256051,55,2023-10-21 07:47:59,2023-10-21 08:55:17
283,30.524938,114.255638,14,2023-10-21 07:47:59,2023-10-21 08:57:03
284,30.527122,114.218272,30,2023-10-21 08:15:22,2023-10-21 09:23:22
285,30.525658,114.218475,49,2023-10-21 08:15:22,2023-10-21 10:34:16
286,30.52722,114.215782,19,2023-10-21 08:15:22,2023-10-21 10:39:00
287,30.524911,114.241501,96,2023-10-21 08:01:50,2023-10-21 08:45:22
288,30.526081,114.239841,22,2023-10-21 08:30:50,2023-10-21 10:25:06
289,30.526275,114.239545,32,2023-10-21 08:30:50,2023-10-21 10:26:07
290,30.52747,114.232934,62,2023-10-21 07:56:11,2023-10-21 09:46:06
291,30.527728,114.234178,161,2023-10-21 07:56:11,2023-10-21 10:01:13
292,30.527715,114.232105,31,2023-10-21 07:56:11,2023-10-21 10:11:23
293,30.52771,114.188847,24,2023-10-21 08:37:55,2023-10-21 10:48:33
294,30.527849,114.190843,22,2023-10-21 07:55:08,2023-10-21 08:34:54
295,30.527132,114.192306,10,2023-10-21 07:55:08,2023-10-21 08:36:51
296,30.526087,114.247977,6,2023-10-21 08:01:50,2023-10-21 08:54:55
297,30.527843,114.248493,89,2023-10-21 08:01:50,2023-10-21 09:14:35
298,30.526238,114.221078,142,2023-10-21 08:15:22,2023-10-21 09:57:41
299,30.526732,114.221532,168,2023-10-21 08:15:22,2023-10-21 10:03:19
300,30.526517,114.221077,23,2023-10-21 08:15:22,2023-10-21 10:06:41
301,30.526194,114.220589,23,2023-10-21 08:15:22,2023-10-21 10:07:59
302,30.525546,114.22159,41,2023-10-21 08:15:22,2023-10-21 10:09:34
303,30.524369,114.222452,18,2023-10-21 08:15:22,2023-10-21 10:14:07
304,30.524442,114.221774,2,2023-10-21 08:15:22,2023-10-21 10:16:06
305,30.526855,114.221679,7,2023-10-21 08:15:22,2023-10-21 10:31:01
306,30.527554,114.246567,15,2023-10-21 08:01:50,2023-10-21 08:50:22
307,30.52863,114.245511,14,2023-10-21 08:01:50,2023-10-21 09:02:34
308,30.528469,114.246603,41,2023-10-21 08:01:50,2023-10-21 09:06:25
309,30.528935,114.231132,19,2023-10-21 07:56:11,2023-10-21 09:34:32
310,30.528897,114.231617,16,2023-10-21 07:56:11,2023-10-21 09:37:16
311,30.527126,114.254916,29,2023-10-21 07:49:16,2023-10-21 10:29:26
312,30.528646,114.255886,23,2023-10-21 07:49:16,2023-10-21 10:33:41
313,30.529497,114.212057,40,2023-10-21 08:29:28,2023-10-21 09:57:22
314,30.527404,114.236062,86,2023-10-21 07:56:11,2023-10-21 10:36:47
315,30.527081,114.218437,1,2023-10-21 08:15:22,2023-10-21 09:18:49
316,30.528256,114.216507,20,2023-10-21 08:15:22,2023-10-21 09:28:31
317,30.529001,114.217125,37,2023-10-21 08:15:22,2023-10-21 09:33:42
318,30.528305,114.218628,2,2023-10-21 08:15:22,2023-10-21 09:35:21
319,30.529495,114.21755,139,2023-10-21 08:15:22,2023-10-21 09:44:16
320,30.529773,114.218543,33,2023-10-21 08:15:22,2023-10-21 09:46:37
321,30.528246,114.258766,15,2023-10-21 07:49:16,2023-10-21 09:46:38
322,30.529751,114.259051,93,2023-10-21 07:49:16,2023-10-21 09:52:47
323,30.529893,114.259013,26,2023-10-21 07:49:16,2023-10-21 09:55:13
324,30.529099,114.258029,12,2023-10-21 07:49:16,2023-10-21 10:04:55
325,30.527714,114.258694,45,2023-10-21 07:49:16,2023-10-21 10:08:01
326,30.529081,114.258441,1,2023-10-21 07:49:16,2023-10-21 10:11:46
327,30.527731,114.260061,19,2023-10-21 07:49:16,2023-10-21 10:15:47
328,30.529349,114.258679,19,2023-10-21 07:36:51,2023-10-21 10:57:34
329,30.527821,114.265261,23,2023-10-21 07:49:16,2023-10-21 09:39:11
330,30.525519,114.262959,11,2023-10-21 07:49:16,2023-10-21 09:42:21
331,30.528088,114.263105,8,2023-10-21 07:56:37,2023-10-21 10:44:05
332,30.5285,114.263203,20,2023-10-21 07:56:37,2023-10-21 10:45:59
333,30.528519,114.261869,49,2023-10-21 07:56:37,2023-10-21 10:51:30
334,30.531158,114.188316,21,2023-10-21 08:37:55,2023-10-21 09:33:53
335,30.531146,114.186806,16,2023-10-21 08:37:55,2023-10-21 09:37:02
336,30.531004,114.248654,17,2023-10-21 07:51:23,2023-10-21 08:18:57
337,30.531211,114.248693,10,2023-10-21 07:51:23,2023-10-21 08:22:29
338,30.531116,114.249603,21,2023-10-21 07:51:23,2023-10-21 08:39:14
339,30.528873,114.250839,142,2023-10-21 08:30:50,2023-10-21 08:59:32
340,30.529549,114.250788,156,2023-10-21 08:30:50,2023-10-21 09:09:22
341,30.528348,114.249734,29,2023-10-21 08:30:50,2023-10-21 09:16:02
342,30.530721,114.201261,23,2023-10-21 08:59:07,2023-10-21 09:12:58
343,30.530547,114.201247,84,2023-10-21 08:59:07,2023-10-21 09:16:56
344,30.530094,114.243255,4,2023-10-21 08:01:50,2023-10-21 09:21:53
345,30.53054,114.243462,48,2023-10-21 08:01:50,2023-10-21 09:24:51
346,30.530313,114.243312,69,2023-10-21 08:01:50,2023-10-21 09:28:38
347,30.527493,114.24309,132,2023-10-21 08:01:50,2023-10-21 09:35:40
348,30.529534,114.243274,64,2023-10-21 08:01:50,2023-10-21 09:46:54
349,30.531224,114.192854,5,2023-10-21 07:55:08,2023-10-21 08:13:04
350,30.531229,114.192859,12,2023-10-21 07:55:08,2023-10-21 08:16:16
351,30.529435,114.191095,9,2023-10-21 07:55:08,2023-10-21 08:22:11
352,30.52912,114.190986,14,2023-10-21 07:55:08,2023-10-21 08:23:27
353,30.528769,114.191269,60,2023-10-21 07:55:08,2023-10-21 08:30:09
354,30.528185,114.195847,150,2023-10-21 07:55:08,2023-10-21 09:34:24
355,30.528577,114.196191,4,2023-10-21 07:55:08,2023-10-21 09:35:21
356,30.528058,114.19441,71,2023-10-21 07:55:08,2023-10-21 09:47:48
357,30.527359,114.192596,5,2023-10-21 07:55:08,2023-10-21 09:50:32
358,30.524935,114.196765,75,2023-10-21 07:55:08,2023-10-21 10:06:22
359,30.525106,114.196342,15,2023-10-21 07:55:08,2023-10-21 10:09:01
360,30.526041,114.196081,12,2023-10-21 07:55:08,2023-10-21 10:53:37
361,30.526576,114.194076,30,2023-10-21 07:55:08,2023-10-21 10:57:41
362,30.526521,114.194905,9,2023-10-21 07:55:08,2023-10-21 10:58:47
363,30.528389,114.190949,21,2023-10-21 07:55:08,2023-10-21 11:00:12
364,30.530795,114.208049,3,2023-10-21 08:29:28,2023-10-21 09:35:25
365,30.531514,114.209403,2,2023-10-21 08:29:28,2023-10-21 09:46:38
366,30.531242,114.209592,2,2023-10-21 08:29:28,2023-10-21 09:49:05
367,30.530686,114.210495,28,2023-10-21 08:29:28,2023-10-21 09:52:19
368,30.531401,114.247991,54,2023-10-21 07:51:23,2023-10-21 08:15:48
369,30.531975,114.257305,10,2023-10-21 07:49:16,2023-10-21 08:21:08
370,30.531452,114.258302,96,2023-10-21 07:49:16,2023-10-21 08:35:04
371,30.532021,114.257551,101,2023-10-21 07:49:16,2023-10-21 08:42:37
372,30.529699,114.257561,84,2023-10-21 07:49:16,2023-10-21 09:59:57
373,30.529834,114.25613,71,2023-10-21 07:49:16,2023-10-21 10:35:33
374,30.530898,114.258751,52,2023-10-21 07:56:37,2023-10-21 08:58:33
375,30.53132,114.259073,4,2023-10-21 07:56:37,2023-10-21 09:01:00
376,30.531233,114.222912,17,2023-10-21 07:56:11,2023-10-21 08:45:00
377,30.531502,114.224511,119,2023-10-21 07:56:11,2023-10-21 08:45:10
378,30.530826,114.230166,54,2023-10-21 07:56:11,2023-10-21 09:12:02
379,30.530062,114.23172,317,2023-10-21 07:56:11,2023-10-21 09:25:50
380,30.532531,114.206914,14,2023-10-21 08:59:07,2023-10-21 09:53:04
381,30.530788,114.20568,43,2023-10-21 08:29:28,2023-10-21 09:12:31
382,30.530925,114.204765,237,2023-10-21 08:29:28,2023-10-21 09:13:46
383,30.530018,114.204738,113,2023-10-21 08:29:28,2023-10-21 09:27:42
384,30.531893,114.20692,13,2023-10-21 08:29:28,2023-10-21 09:43:01
385,30.532254,114.198619,138,2023-10-21 08:37:55,2023-10-21 09:14:35
386,30.532195,114.221002,51,2023-10-21 08:29:28,2023-10-21 10:34:05
387,30.532628,114.221968,147,2023-10-21 08:29:28,2023-10-21 10:43:53
388,30.533389,114.222114,6,2023-10-21 08:29:28,2023-10-21 10:52:08
389,30.532867,114.223183,2,2023-10-21 08:29:28,2023-10-21 11:10:27
390,30.533806,114.200127,15,2023-10-21 08:59:07,2023-10-21 09:23:28
391,30.533427,114.200969,5,2023-10-21 08:59:07,2023-10-21 09:25:46
392,30.532928,114.221138,24,2023-10-21 08:29:28,2023-10-21 10:46:31
393,30.533345,114.266085,22,2023-10-21 07:36:51,2023-10-21 09:18:02
394,30.530824,114.264354,5,2023-10-21 07:56:37,2023-10-21 09:28:15
395,30.530765,114.264577,46,2023-10-21 07:56:37,2023-10-21 09:34:00
396,30.531338,114.266366,109,2023-10-21 07:56:37,2023-10-21 09:40:56
397,30.531721,114.225861,9,2023-10-21 07:56:11,2023-10-21 08:44:19
398,30.531685,114.226179,5,2023-10-21 07:56:11,2023-10-21 08:44:28
399,30.531686,114.225926,2,2023-10-21 07:56:11,2023-10-21 08:44:47
400,30.533423,114.224763,162,2023-10-21 07:56:11,2023-10-21 09:02:12
401,30.532811,114.223651,15,2023-10-21 08:29:28,2023-10-21 10:57:59
402,30.533704,114.199314,13,2023-10-21 08:59:07,2023-10-21 09:21:33
403,30.532297,114.19165,16,2023-10-21 08:37:55,2023-10-21 09:23:24
404,30.53234,114.191117,36,2023-10-21 08:37:55,2023-10-21 09:24:21
405,30.5323,114.19106,24,2023-10-21 08:37:55,2023-10-21 09:25:08
406,30.533803,114.258889,7,2023-10-21 07:56:37,2023-10-21 08:50:50
407,30.532047,114.258367,20,2023-10-21 07:56:37,2023-10-21 08:53:29
408,30.532156,114.260052,136,2023-10-21 07:56:37,2023-10-21 09:03:52
409,30.530399,114.262596,78,2023-10-21 07:56:37,2023-10-21 09:12:56
410,30.531743,114.262235,5,2023-10-21 07:56:37,2023-10-21 09:14:44
411,30.531096,114.261492,46,2023-10-21 07:56:37,2023-10-21 09:18:51
412,30.530031,114.261093,49,2023-10-21 07:56:37,2023-10-21 09:23:57
413,30.530975,114.263525,31,2023-10-21 07:56:37,2023-10-21 10:25:29
414,30.531961,114.178606,2,2023-10-21 08:37:55,2023-10-21 10:30:04
415,30.531919,114.178654,1,2023-10-21 08:37:55,2023-10-21 10:31:31
416,30.530131,114.180142,43,2023-10-21 08:37:55,2023-10-21 10:38:33
417,30.529273,114.180417,48,2023-10-21 08:37:55,2023-10-21 10:40:39
418,30.529181,114.180671,6,2023-10-21 08:37:55,2023-10-21 10:41:51
419,30.534413,114.222183,19,2023-10-21 08:29:28,2023-10-21 10:50:02
420,30.533882,114.222032,1,2023-10-21 08:29:28,2023-10-21 10:51:30
421,30.533906,114.217196,25,2023-10-21 08:29:28,2023-10-21 10:28:45
422,30.534305,114.221551,2,2023-10-21 08:29:28,2023-10-21 10:54:37
423,30.53429,114.221595,1,2023-10-21 08:29:28,2023-10-21 11:02:49
424,30.533477,114.206597,49,2023-10-21 08:59:07,2023-10-21 09:57:18
425,30.532832,114.206012,18,2023-10-21 08:59:07,2023-10-21 09:57:39
426,30.53336,114.205737,54,2023-10-21 08:59:07,2023-10-21 10:03:27
427,30.533842,114.207032,49,2023-10-21 08:59:07,2023-10-21 10:07:43
428,30.535249,114.206819,59,2023-10-21 08:59:07,2023-10-21 10:11:52
429,30.534749,114.206639,1,2023-10-21 08:59:07,2023-10-21 10:15:55
430,30.535239,114.206689,339,2023-10-21 08:59:07,2023-10-21 10:22:02
431,30.534681,114.20658,92,2023-10-21 08:59:07,2023-10-21 10:28:16
432,30.53485,114.196812,4,2023-10-21 08:59:07,2023-10-21 11:01:04
433,30.534816,114.202784,114,2023-10-21 08:59:07,2023-10-21 09:34:56
434,30.53587,114.204338,31,2023-10-21 08:59:07,2023-10-21 09:46:28
435,30.534903,114.203985,13,2023-10-21 08:59:07,2023-10-21 09:48:50
436,30.535126,114.202576,27,2023-10-21 08:59:07,2023-10-21 10:35:58
437,30.531837,114.187387,37,2023-10-21 08:37:55,2023-10-21 09:41:12
438,30.531994,114.187279,54,2023-10-21 08:37:55,2023-10-21 09:43:36
439,30.531374,114.187454,14,2023-10-21 08:37:55,2023-10-21 09:44:34
440,30.531787,114.185627,4,2023-10-21 08:37:55,2023-10-21 09:48:18
441,30.532341,114.185354,19,2023-10-21 08:37:55,2023-10-21 09:50:17
442,30.53308,114.184521,30,2023-10-21 08:37:55,2023-10-21 09:54:18
443,30.532536,114.185539,9,2023-10-21 08:37:55,2023-10-21 09:56:39
444,30.534423,114.200566,36,2023-10-21 08:59:07,2023-10-21 10:38:59
445,30.534582,114.200312,58,2023-10-21 08:59:07,2023-10-21 10:43:14
446,30.535048,114.19912,47,2023-10-21 08:59:07,2023-10-21 10:47:45
447,30.535627,114.199949,2,2023-10-21 08:59:07,2023-10-21 10:50:37
448,30.536295,114.249075,24,2023-10-21 07:51:23,2023-10-21 09:01:07
449,30.532892,114.248872,56,2023-10-21 07:51:23,2023-10-21 09:37:12
450,30.533432,114.248462,13,2023-10-21 07:51:23,2023-10-21 09:39:55
451,30.535616,114.247766,108,2023-10-21 07:51:23,2023-10-21 09:49:54
452,30.536549,114.26046,10,2023-10-21 07:36:51,2023-10-21 08:22:58
453,30.534405,114.258608,68,2023-10-21 07:56:37,2023-10-21 08:48:36
454,30.536864,114.267543,114,2023-10-21 07:56:37,2023-10-21 09:52:17
455,30.536507,114.267797,54,2023-10-21 07:56:37,2023-10-21 09:54:43
456,30.533856,114.267856,22,2023-10-21 07:56:37,2023-10-21 10:20:29
457,30.537573,114.269887,68,2023-10-21 07:45:08,2023-10-21 09:07:10
458,30.533672,114.26869,30,2023-10-21 07:56:37,2023-10-21 10:04:20
459,30.53474,114.269699,58,2023-10-21 07:56:37,2023-10-21 10:08:16
460,30.535665,114.26977,91,2023-10-21 07:56:37,2023-10-21 10:17:04
461,30.534902,114.259902,82,2023-10-21 07:36:51,2023-10-21 08:33:35
462,30.536696,114.26369,5,2023-10-21 07:36:51,2023-10-21 08:42:08
463,30.537457,114.263077,105,2023-10-21 07:36:51,2023-10-21 08:42:43
464,30.536932,114.263472,154,2023-10-21 07:36:51,2023-10-21 08:55:23
465,30.536826,114.263242,49,2023-10-21 07:36:51,2023-10-21 09:00:43
466,30.536012,114.266132,106,2023-10-21 07:36:51,2023-10-21 09:09:58
467,30.535867,114.266757,10,2023-10-21 07:36:51,2023-10-21 09:10:31
468,30.533628,114.265945,27,2023-10-21 07:36:51,2023-10-21 09:19:10
469,30.534197,114.262695,68,2023-10-21 07:36:51,2023-10-21 09:25:20
470,30.534568,114.264054,61,2023-10-21 07:36:51,2023-10-21 09:37:02
471,30.535304,114.263904,64,2023-10-21 07:36:51,2023-10-21 09:40:29
472,30.535549,114.262537,8,2023-10-21 07:36:51,2023-10-21 09:47:03
473,30.534002,114.260981,4,2023-10-21 07:36:51,2023-10-21 09:51:01
474,30.536473,114.196063,10,2023-10-21 08:59:07,2023-10-21 10:55:19
475,30.532462,114.250452,40,2023-10-21 07:51:23,2023-10-21 08:27:37
476,30.531826,114.251077,106,2023-10-21 07:51:23,2023-10-21 08:34:38
477,30.536133,114.256993,6,2023-10-21 08:52:22,2023-10-21 09:12:50
478,30.533083,114.255585,137,2023-10-21 08:52:22,2023-10-21 09:24:23
479,30.534501,114.255875,150,2023-10-21 08:52:22,2023-10-21 09:36:15
480,30.53514,114.256767,92,2023-10-21 08:52:22,2023-10-21 09:44:42
481,30.533977,114.254783,167,2023-10-21 08:52:22,2023-10-21 10:03:40
482,30.534615,114.25547,16,2023-10-21 08:52:22,2023-10-21 10:14:28
483,30.530352,114.253907,7,2023-10-21 08:30:50,2023-10-21 08:48:46
484,30.531389,114.250628,1,2023-10-21 08:30:50,2023-10-21 09:27:01
485,30.542551,114.194878,32,2023-10-21 08:00:59,2023-10-21 09:58:34
486,30.541977,114.194992,51,2023-10-21 08:00:59,2023-10-21 10:04:04
487,30.542267,114.197577,39,2023-10-21 08:00:59,2023-10-21 10:11:16
488,30.540571,114.196488,61,2023-10-21 08:00:59,2023-10-21 10:23:26
489,30.537622,114.192461,54,2023-10-21 07:48:12,2023-10-21 08:00:32
490,30.537801,114.193611,14,2023-10-21 07:48:12,2023-10-21 08:03:18
491,30.538083,114.193458,23,2023-10-21 07:48:12,2023-10-21 08:05:34
492,30.540091,114.192661,28,2023-10-21 07:48:12,2023-10-21 08:08:36
493,30.535926,114.253421,115,2023-10-21 07:51:23,2023-10-21 08:52:30
494,30.534653,114.252953,7,2023-10-21 07:51:23,2023-10-21 08:54:41
495,30.538449,114.254879,10,2023-10-21 07:43:30,2023-10-21 08:11:46
496,30.538753,114.254853,28,2023-10-21 07:43:30,2023-10-21 08:22:41
497,30.539161,114.268025,2,2023-10-21 07:45:08,2023-10-21 08:48:48
498,30.538455,114.268061,69,2023-10-21 07:45:08,2023-10-21 09:01:47
499,30.538188,114.248536,5,2023-10-21 07:51:23,2023-10-21 09:55:30
500,30.538927,114.248298,19,2023-10-21 07:51:23,2023-10-21 09:57:23
501,30.538473,114.249393,42,2023-10-21 07:51:23,2023-10-21 10:07:05
502,30.540517,114.202847,54,2023-10-21 08:51:35,2023-10-21 10:28:43
503,30.539941,114.202261,103,2023-10-21 08:51:35,2023-10-21 10:33:46
504,30.539196,114.203216,27,2023-10-21 08:51:35,2023-10-21 10:36:11
505,30.540342,114.204262,33,2023-10-21 08:51:35,2023-10-21 10:41:37
506,30.538513,114.202745,77,2023-10-21 08:51:35,2023-10-21 10:47:10
507,30.537889,114.201726,3,2023-10-21 08:51:35,2023-10-21 10:50:17
508,30.53794,114.200514,28,2023-10-21 08:51:35,2023-10-21 10:53:09
509,30.538982,114.200632,30,2023-10-21 08:51:35,2023-10-21 10:55:34
510,30.542851,114.200766,104,2023-10-21 07:48:12,2023-10-21 08:30:47
511,30.543091,114.20126,20,2023-10-21 07:48:12,2023-10-21 08:33:28
512,30.54006,114.266905,29,2023-10-21 07:29:27,2023-10-21 08:13:56
513,30.540057,114.266857,19,2023-10-21 07:29:27,2023-10-21 08:21:15
514,30.539962,114.268372,44,2023-10-21 07:29:27,2023-10-21 08:28:31
515,30.539951,114.268671,10,2023-10-21 07:29:27,2023-10-21 08:30:10
516,30.539679,114.268242,34,2023-10-21 07:29:27,2023-10-21 08:37:15
517,30.540057,114.265523,1,2023-10-21 07:36:51,2023-10-21 10:30:45
518,30.538955,114.264205,16,2023-10-21 07:36:51,2023-10-21 10:32:11
519,30.538681,114.263883,43,2023-10-21 07:36:51,2023-10-21 10:42:51
520,30.538659,114.263739,15,2023-10-21 07:36:51,2023-10-21 10:44:19
521,30.538663,114.263193,4,2023-10-21 07:36:51,2023-10-21 10:45:56
522,30.538372,114.263988,1,2023-10-21 07:36:51,2023-10-21 10:48:40
523,30.53864,114.208546,94,2023-10-21 08:51:35,2023-10-21 10:01:49
524,30.53906,114.209329,80,2023-10-21 08:51:35,2023-10-21 10:08:08
525,30.536179,114.212311,4,2023-10-21 08:29:28,2023-10-21 10:22:31
526,30.533454,114.184524,16,2023-10-21 08:37:55,2023-10-21 09:58:49
527,30.533712,114.18411,3,2023-10-21 08:37:55,2023-10-21 10:00:17
528,30.533764,114.18416,48,2023-10-21 08:37:55,2023-10-21 10:03:43
529,30.535316,114.181369,7,2023-10-21 08:37:55,2023-10-21 10:11:00
530,30.535388,114.181335,38,2023-10-21 08:37:55,2023-10-21 10:11:59
531,30.535369,114.180339,1,2023-10-21 08:37:55,2023-10-21 10:12:21
532,30.536214,114.179053,53,2023-10-21 08:37:55,2023-10-21 10:19:15
533,30.536767,114.179798,10,2023-10-21 08:37:55,2023-10-21 10:24:12
534,30.536661,114.17895,48,2023-10-21 08:37:55,2023-10-21 10:24:45
535,30.541139,114.253819,37,2023-10-21 07:43:30,2023-10-21 08:36:33
536,30.539745,114.251555,45,2023-10-21 07:43:30,2023-10-21 10:01:07
537,30.539522,114.253623,25,2023-10-21 07:43:30,2023-10-21 10:06:03
538,30.540209,114.253139,34,2023-10-21 07:43:30,2023-10-21 10:08:07
539,30.539756,114.254301,18,2023-10-21 07:43:30,2023-10-21 10:12:47
540,30.539471,114.253598,12,2023-10-21 07:43:30,2023-10-21 10:14:31
541,30.539528,114.253632,9,2023-10-21 07:43:30,2023-10-21 10:18:21
542,30.539173,114.251915,32,2023-10-21 07:43:30,2023-10-21 10:27:17
543,30.540514,114.247542,7,2023-10-21 07:51:23,2023-10-21 10:29:22
544,30.539541,114.250282,116,2023-10-21 07:43:30,2023-10-21 10:37:58
545,30.540847,114.271607,14,2023-10-21 07:45:08,2023-10-21 08:07:04
546,30.539784,114.269504,35,2023-10-21 07:45:08,2023-10-21 08:30:20
547,30.539969,114.269972,4,2023-10-21 07:45:08,2023-10-21 08:33:16
548,30.539509,114.270689,119,2023-10-21 07:45:08,2023-10-21 08:44:42
549,30.539641,114.272711,166,2023-10-21 07:45:08,2023-10-21 09:15:46
550,30.539457,114.262283,75,2023-10-21 07:36:51,2023-10-21 09:59:05
551,30.539376,114.261966,66,2023-10-21 07:36:51,2023-10-21 10:02:47
552,30.540546,114.264479,21,2023-10-21 07:36:51,2023-10-21 10:10:16
553,30.541264,114.263814,44,2023-10-21 07:36:51,2023-10-21 10:14:06
554,30.541434,114.264173,66,2023-10-21 07:36:51,2023-10-21 10:20:29
555,30.541105,114.266377,7,2023-10-21 07:36:51,2023-10-21 10:23:13
556,30.540705,114.266185,14,2023-10-21 07:36:51,2023-10-21 10:26:33
557,30.539399,114.263954,16,2023-10-21 07:36:51,2023-10-21 10:34:55
558,30.538897,114.263151,48,2023-10-21 07:36:51,2023-10-21 10:40:46
559,30.539159,114.264021,10,2023-10-21 07:36:51,2023-10-21 10:48:02
560,30.54177,114.26477,13,2023-10-21 07:47:52,2023-10-21 10:42:49
561,30.541358,114.275315,87,2023-10-21 07:45:08,2023-10-21 09:23:30
562,30.542828,114.26725,114,2023-10-21 07:29:27,2023-10-21 07:54:02
563,30.541397,114.268641,7,2023-10-21 07:29:27,2023-10-21 08:02:39
564,30.540118,114.267878,2,2023-10-21 07:29:27,2023-10-21 08:23:52
565,30.540871,114.267561,4,2023-10-21 07:29:27,2023-10-21 08:44:49
566,30.541224,114.266874,34,2023-10-21 07:29:27,2023-10-21 08:51:44
567,30.541791,114.267191,35,2023-10-21 07:29:27,2023-10-21 08:55:59
568,30.542192,114.269132,28,2023-10-21 07:45:08,2023-10-21 08:21:03
569,30.541694,114.269294,64,2023-10-21 07:45:08,2023-10-21 08:25:09
570,30.540255,114.269104,54,2023-10-21 07:45:08,2023-10-21 08:53:21
571,30.543431,114.191908,13,2023-10-21 08:00:59,2023-10-21 08:29:52
572,30.543308,114.191986,53,2023-10-21 08:00:59,2023-10-21 08:51:27
573,30.542948,114.192893,51,2023-10-21 08:00:59,2023-10-21 08:56:20
574,30.543321,114.192471,12,2023-10-21 08:00:59,2023-10-21 08:59:05
575,30.543742,114.194906,24,2023-10-21 08:00:59,2023-10-21 09:55:10
576,30.541695,114.193816,2,2023-10-21 08:00:59,2023-10-21 10:07:17
577,30.54271,114.263944,4,2023-10-21 07:47:52,2023-10-21 10:48:15
578,30.544222,114.263898,2,2023-10-21 07:47:52,2023-10-21 10:51:03
579,30.543464,114.262596,7,2023-10-21 07:47:52,2023-10-21 10:45:07
580,30.543974,114.26211,18,2023-10-21 07:47:52,2023-10-21 10:47:07
581,30.53903,114.256004,48,2023-10-21 07:43:30,2023-10-21 08:15:37
582,30.540213,114.255623,82,2023-10-21 07:43:30,2023-10-21 08:28:23
583,30.540857,114.258305,20,2023-10-21 07:47:52,2023-10-21 10:21:21
584,30.541142,114.259654,52,2023-10-21 07:47:52,2023-10-21 10:22:37
585,30.540721,114.261181,47,2023-10-21 07:47:52,2023-10-21 10:29:08
586,30.541277,114.261173,79,2023-10-21 07:47:52,2023-10-21 10:33:46
587,30.543737,114.272675,227,2023-10-21 07:29:27,2023-10-21 09:14:34
588,30.543291,114.272225,42,2023-10-21 07:29:27,2023-10-21 09:18:27
589,30.543881,114.270481,62,2023-10-21 07:29:27,2023-10-21 09:26:33
590,30.540542,114.272479,18,2023-10-21 07:45:08,2023-10-21 08:09:52
591,30.540836,114.272285,69,2023-10-21 07:45:08,2023-10-21 08:11:26
592,30.542606,114.269726,72,2023-10-21 07:45:08,2023-10-21 08:18:28
593,30.544347,114.268177,12,2023-10-21 07:29:27,2023-10-21 10:14:28
594,30.545206,114.267945,3,2023-10-21 07:29:27,2023-10-21 10:15:24
595,30.543654,114.267203,31,2023-10-21 07:29:27,2023-10-21 10:20:47
596,30.544076,114.27495,9,2023-10-21 07:45:08,2023-10-21 09:31:13
597,30.542251,114.251111,174,2023-10-21 07:43:30,2023-10-21 09:53:53
598,30.543761,114.248588,15,2023-10-21 07:22:33,2023-10-21 08:20:34
599,30.543861,114.249843,7,2023-10-21 07:22:33,2023-10-21 08:31:59
600,30.543993,114.24945,124,2023-10-21 07:22:33,2023-10-21 08:45:48
601,30.539747,114.207909,42,2023-10-21 08:51:35,2023-10-21 10:18:04
602,30.539747,114.207909,68,2023-10-21 08:51:35,2023-10-21 10:20:10
603,30.54537,114.277832,3,2023-10-21 07:45:08,2023-10-21 09:35:36
604,30.544853,114.264472,2,2023-10-21 07:47:52,2023-10-21 10:52:43
605,30.545741,114.248321,10,2023-10-21 07:22:33,2023-10-21 08:55:42
606,30.545761,114.246915,12,2023-10-21 07:22:33,2023-10-21 09:02:27
607,30.545811,114.247431,22,2023-10-21 07:22:33,2023-10-21 09:07:08
608,30.545139,114.198469,41,2023-10-21 08:00:59,2023-10-21 10:13:43
609,30.5398,114.187134,1,2023-10-21 08:00:59,2023-10-21 08:12:59
610,30.541031,114.18689,21,2023-10-21 08:00:59,2023-10-21 08:17:14
611,30.540945,114.188157,7,2023-10-21 08:00:59,2023-10-21 08:18:12
612,30.540596,114.187302,51,2023-10-21 08:00:59,2023-10-21 08:18:52
613,30.540489,114.187721,61,2023-10-21 08:00:59,2023-10-21 08:22:45
614,30.543337,114.191605,29,2023-10-21 08:00:59,2023-10-21 08:31:09
615,30.543907,114.191075,68,2023-10-21 08:00:59,2023-10-21 08:35:48
616,30.543317,114.189727,18,2023-10-21 08:00:59,2023-10-21 08:40:49
617,30.543288,114.189852,2,2023-10-21 08:00:59,2023-10-21 08:41:07
618,30.543344,114.189563,3,2023-10-21 08:00:59,2023-10-21 08:44:11
619,30.544776,114.190566,14,2023-10-21 08:00:59,2023-10-21 08:47:03
620,30.543907,114.191078,45,2023-10-21 08:00:59,2023-10-21 09:05:04
621,30.544407,114.190258,11,2023-10-21 08:00:59,2023-10-21 09:08:28
622,30.544407,114.190254,41,2023-10-21 08:00:59,2023-10-21 09:11:27
623,30.539691,114.191921,13,2023-10-21 07:48:12,2023-10-21 08:10:05
624,30.539383,114.190931,7,2023-10-21 07:48:12,2023-10-21 08:11:36
625,30.540721,114.190151,5,2023-10-21 07:48:12,2023-10-21 08:16:26
626,30.539785,114.190794,95,2023-10-21 07:48:12,2023-10-21 08:16:49
627,30.546003,114.226448,7,2023-10-21 08:31:09,2023-10-21 10:35:07
628,30.545298,114.224693,4,2023-10-21 08:31:09,2023-10-21 10:36:54
629,30.546101,114.22602,3,2023-10-21 08:31:09,2023-10-21 10:38:32
630,30.544763,114.205163,79,2023-10-21 08:51:35,2023-10-21 09:49:46
631,30.545973,114.205003,6,2023-10-21 08:41:52,2023-10-21 09:00:16
632,30.544003,114.204101,90,2023-10-21 07:48:12,2023-10-21 08:37:39
633,30.544157,114.27011,3,2023-10-21 07:29:27,2023-10-21 09:32:51
634,30.54364,114.268616,123,2023-10-21 07:29:27,2023-10-21 09:40:36
635,30.543825,114.268855,2,2023-10-21 07:29:27,2023-10-21 09:43:15
636,30.543809,114.268879,8,2023-10-21 07:29:27,2023-10-21 09:44:26
637,30.543856,114.269036,2,2023-10-21 07:29:27,2023-10-21 09:45:00
638,30.546249,114.269646,149,2023-10-21 07:29:27,2023-10-21 10:05:29
639,30.546048,114.269437,3,2023-10-21 07:29:27,2023-10-21 10:07:05
640,30.545689,114.268899,1,2023-10-21 07:29:27,2023-10-21 10:09:23
641,30.544759,114.272539,2,2023-10-21 07:45:08,2023-10-21 10:10:55
642,30.544724,114.272334,6,2023-10-21 07:45:08,2023-10-21 10:12:35
643,30.544939,114.273102,56,2023-10-21 07:45:08,2023-10-21 10:08:05
644,30.546739,114.194719,134,2023-10-21 08:00:59,2023-10-21 09:22:50
645,30.546127,114.194284,98,2023-10-21 08:00:59,2023-10-21 09:23:27
646,30.546253,114.192904,4,2023-10-21 08:00:59,2023-10-21 09:28:35
647,30.545805,114.192345,7,2023-10-21 08:00:59,2023-10-21 09:29:46
648,30.545141,114.19294,19,2023-10-21 08:00:59,2023-10-21 09:32:35
649,30.545099,114.193266,21,2023-10-21 08:00:59,2023-10-21 09:35:17
650,30.547746,114.227172,10,2023-10-21 08:31:09,2023-10-21 10:42:01
651,30.5477,114.226795,10,2023-10-21 08:31:09,2023-10-21 10:43:12
652,30.54777,114.200578,34,2023-10-21 08:00:59,2023-10-21 10:17:07
653,30.547308,114.211627,10,2023-10-21 08:41:52,2023-10-21 09:48:31
654,30.546328,114.208128,10,2023-10-21 08:41:52,2023-10-21 10:35:25
655,30.546442,114.209347,77,2023-10-21 08:41:52,2023-10-21 10:44:01
656,30.545661,114.209378,6,2023-10-21 08:41:52,2023-10-21 10:48:48
657,30.546906,114.209553,15,2023-10-21 08:41:52,2023-10-21 10:52:28
658,30.546923,114.207664,24,2023-10-21 08:41:52,2023-10-21 10:57:48
659,30.547655,114.207695,3,2023-10-21 08:41:52,2023-10-21 11:42:55
660,30.547165,114.207525,3,2023-10-21 08:41:52,2023-10-21 11:45:32
661,30.546913,114.207313,2,2023-10-21 08:41:52,2023-10-21 11:46:52
662,30.547426,114.207434,4,2023-10-21 08:41:52,2023-10-21 11:48:19
663,30.546295,114.206925,6,2023-10-21 08:41:52,2023-10-21 11:56:20
664,30.548243,114.206535,27,2023-10-21 08:41:52,2023-10-21 11:10:31
665,30.548309,114.206349,50,2023-10-21 08:41:52,2023-10-21 11:18:20
666,30.547989,114.206632,56,2023-10-21 08:41:52,2023-10-21 11:24:31
667,30.547791,114.19458,22,2023-10-21 08:00:59,2023-10-21 09:45:17
668,30.546994,114.192224,60,2023-10-21 08:00:59,2023-10-21 09:50:43
669,30.548086,114.224289,253,2023-10-21 08:39:05,2023-10-21 09:37:45
670,30.546801,114.223748,33,2023-10-21 08:39:05,2023-10-21 09:52:49
671,30.54666,114.224059,38,2023-10-21 08:39:05,2023-10-21 10:02:50
672,30.548322,114.223191,15,2023-10-21 08:39:05,2023-10-21 10:06:38
673,30.547129,114.223764,4,2023-10-21 08:39:05,2023-10-21 10:59:07
674,30.546708,114.223165,24,2023-10-21 08:39:05,2023-10-21 11:00:24
675,30.548898,114.206448,4,2023-10-21 08:41:52,2023-10-21 11:31:36
676,30.548665,114.207145,15,2023-10-21 08:41:52,2023-10-21 11:38:45
677,30.54725,114.19706,4,2023-10-21 08:00:59,2023-10-21 09:38:24
678,30.548798,114.268166,110,2023-10-21 07:29:27,2023-10-21 10:32:41
679,30.548128,114.267018,18,2023-10-21 07:29:27,2023-10-21 10:37:32
680,30.548162,114.267247,4,2023-10-21 07:29:27,2023-10-21 10:39:40
681,30.547508,114.275467,18,2023-10-21 07:28:07,2023-10-21 08:04:15
682,30.547751,114.275322,9,2023-10-21 07:28:07,2023-10-21 08:05:00
683,30.548494,114.275054,2,2023-10-21 07:28:07,2023-10-21 08:08:44
684,30.548471,114.275841,13,2023-10-21 07:28:07,2023-10-21 08:10:13
685,30.545849,114.275815,6,2023-10-21 07:45:08,2023-10-21 09:42:02
686,30.545426,114.275826,29,2023-10-21 07:45:08,2023-10-21 09:45:51
687,30.54537,114.275,4,2023-10-21 07:45:08,2023-10-21 09:48:05
688,30.545807,114.274827,14,2023-10-21 07:45:08,2023-10-21 09:50:01
689,30.546065,114.275259,36,2023-10-21 07:45:08,2023-10-21 09:52:18
690,30.546467,114.274867,8,2023-10-21 07:45:08,2023-10-21 09:55:31
691,30.547012,114.274681,36,2023-10-21 07:45:08,2023-10-21 09:58:23
692,30.547024,114.274594,4,2023-10-21 07:45:08,2023-10-21 09:59:33
693,30.547682,114.274704,16,2023-10-21 07:45:08,2023-10-21 10:01:48
694,30.546722,114.191902,24,2023-10-21 08:00:59,2023-10-21 09:48:18
695,30.550105,114.225801,86,2023-10-21 08:34:18,2023-10-21 10:29:14
696,30.549601,114.226901,15,2023-10-21 08:34:18,2023-10-21 11:19:54
697,30.550329,114.226768,64,2023-10-21 08:34:18,2023-10-21 11:26:55
698,30.548554,114.228283,5,2023-10-21 08:31:09,2023-10-21 10:21:24
699,30.548665,114.226076,12,2023-10-21 08:31:09,2023-10-21 10:45:35
700,30.548829,114.227638,17,2023-10-21 08:31:09,2023-10-21 10:49:00
701,30.542122,114.252686,60,2023-10-21 07:43:30,2023-10-21 08:42:42
702,30.542437,114.254392,30,2023-10-21 07:43:30,2023-10-21 08:45:08
703,30.54186,114.251714,105,2023-10-21 07:43:30,2023-10-21 08:55:17
704,30.542764,114.253524,73,2023-10-21 07:43:30,2023-10-21 09:04:39
705,30.544564,114.252066,74,2023-10-21 07:43:30,2023-10-21 09:20:35
706,30.543858,114.251305,84,2023-10-21 07:43:30,2023-10-21 09:23:47
707,30.543875,114.251686,22,2023-10-21 07:43:30,2023-10-21 09:27:22
708,30.544163,114.253365,125,2023-10-21 07:43:30,2023-10-21 09:34:31
709,30.544549,114.252619,14,2023-10-21 07:43:30,2023-10-21 09:35:56
710,30.544468,114.251108,6,2023-10-21 07:43:30,2023-10-21 09:41:28
711,30.545785,114.251823,75,2023-10-21 07:22:33,2023-10-21 07:50:20
712,30.550442,114.254311,5,2023-10-21 07:49:21,2023-10-21 08:55:31
713,30.550367,114.254562,13,2023-10-21 07:49:21,2023-10-21 08:57:24
714,30.547537,114.252947,90,2023-10-21 07:49:21,2023-10-21 09:52:33
715,30.548431,114.253189,14,2023-10-21 07:49:21,2023-10-21 09:56:20
716,30.54691,114.25302,47,2023-10-21 07:49:21,2023-10-21 10:00:08
717,30.54936,114.252533,167,2023-10-21 07:49:21,2023-10-21 10:09:11
718,30.550265,114.264804,4,2023-10-21 07:47:52,2023-10-21 09:02:13
719,30.550088,114.264336,15,2023-10-21 07:47:52,2023-10-21 09:04:32
720,30.550184,114.265696,13,2023-10-21 07:47:52,2023-10-21 09:11:43
721,30.550183,114.265633,79,2023-10-21 07:47:52,2023-10-21 09:13:44
722,30.550503,114.263544,87,2023-10-21 07:47:52,2023-10-21 09:33:58
723,30.550352,114.264012,33,2023-10-21 07:47:52,2023-10-21 09:35:39
724,30.546364,114.250599,16,2023-10-21 07:22:33,2023-10-21 08:04:05
725,30.546577,114.250211,6,2023-10-21 07:22:33,2023-10-21 08:11:08
726,30.546341,114.248991,14,2023-10-21 07:22:33,2023-10-21 09:23:19
727,30.547871,114.249731,34,2023-10-21 07:49:21,2023-10-21 08:10:11
728,30.547511,114.249591,4,2023-10-21 07:49:21,2023-10-21 08:10:55
729,30.549248,114.250107,134,2023-10-21 07:49:21,2023-10-21 08:37:16
730,30.549719,114.250049,1,2023-10-21 07:49:21,2023-10-21 08:40:29
731,30.547986,114.211591,95,2023-10-21 08:41:52,2023-10-21 09:59:12
732,30.548789,114.21123,187,2023-10-21 08:41:52,2023-10-21 10:08:59
733,30.54876,114.2107,2,2023-10-21 08:41:52,2023-10-21 10:13:28
734,30.548849,114.211555,70,2023-10-21 08:41:52,2023-10-21 10:18:27
735,30.550102,114.209755,87,2023-10-21 08:05:51,2023-10-21 08:45:46
736,30.550563,114.209121,5,2023-10-21 08:05:51,2023-10-21 08:51:53
737,30.549751,114.212466,44,2023-10-21 08:05:51,2023-10-21 09:07:31
738,30.549377,114.21339,7,2023-10-21 08:05:51,2023-10-21 09:11:10
739,30.549323,114.200223,23,2023-10-21 07:42:38,2023-10-21 09:07:43
740,30.550986,114.272312,116,2023-10-21 07:28:07,2023-10-21 08:58:50
741,30.551341,114.272661,4,2023-10-21 07:28:07,2023-10-21 09:07:12
742,30.549174,114.206652,31,2023-10-21 08:41:52,2023-10-21 11:32:25
743,30.549332,114.207092,66,2023-10-21 08:05:51,2023-10-21 08:34:55
744,30.551139,114.208429,27,2023-10-21 08:05:51,2023-10-21 08:54:43
745,30.54906,114.223236,43,2023-10-21 08:39:05,2023-10-21 09:59:48
746,30.549509,114.224159,46,2023-10-21 08:39:05,2023-10-21 10:15:04
747,30.54978,114.224365,59,2023-10-21 08:39:05,2023-10-21 10:20:37
748,30.551851,114.225261,141,2023-10-21 08:39:05,2023-10-21 10:34:02
749,30.551996,114.224876,12,2023-10-21 08:39:05,2023-10-21 10:36:36
750,30.552068,114.224512,7,2023-10-21 08:39:05,2023-10-21 10:40:11
751,30.552095,114.223828,7,2023-10-21 08:39:05,2023-10-21 10:43:30
752,30.550949,114.224609,40,2023-10-21 08:39:05,2023-10-21 10:55:24
753,30.550271,114.224608,17,2023-10-21 08:39:05,2023-10-21 10:55:52
754,30.550179,114.225089,15,2023-10-21 08:39:05,2023-10-21 10:57:08
755,30.549684,114.276244,59,2023-10-21 07:28:07,2023-10-21 08:15:29
756,30.549492,114.277262,22,2023-10-21 07:28:07,2023-10-21 08:19:38
757,30.550207,114.275978,36,2023-10-21 07:28:07,2023-10-21 08:24:04
758,30.550001,114.275955,51,2023-10-21 07:28:07,2023-10-21 08:27:07
759,30.546372,114.248754,24,2023-10-21 07:22:33,2023-10-21 09:25:52
760,30.551407,114.245077,36,2023-10-21 07:14:33,2023-10-21 07:15:24
761,30.549397,114.244317,83,2023-10-21 07:14:33,2023-10-21 07:23:31
762,30.550198,114.246239,152,2023-10-21 07:14:33,2023-10-21 07:34:45
763,30.550696,114.247007,46,2023-10-21 07:14:33,2023-10-21 07:39:45
764,30.551025,114.247405,34,2023-10-21 07:14:33,2023-10-21 07:41:42
765,30.550964,114.248985,29,2023-10-21 07:14:33,2023-10-21 07:47:13
766,30.54813,114.248842,50,2023-10-21 07:49:21,2023-10-21 08:16:11
767,30.547875,114.24857,27,2023-10-21 07:49:21,2023-10-21 08:17:55
768,30.547876,114.248576,84,2023-10-21 07:49:21,2023-10-21 08:25:42
769,30.547882,114.248545,16,2023-10-21 07:49:21,2023-10-21 08:28:34
770,30.548768,114.249521,5,2023-10-21 07:49:21,2023-10-21 08:31:45
771,30.549392,114.24923,45,2023-10-21 07:49:21,2023-10-21 08:42:13
772,30.551609,114.229509,71,2023-10-21 08:34:18,2023-10-21 09:44:42
773,30.551873,114.230412,91,2023-10-21 08:34:18,2023-10-21 10:03:51
774,30.551119,114.229159,10,2023-10-21 08:34:18,2023-10-21 10:09:16
775,30.551092,114.229902,24,2023-10-21 08:34:18,2023-10-21 10:10:48
776,30.550048,114.229992,7,2023-10-21 08:34:18,2023-10-21 10:40:52
777,30.550907,114.229794,9,2023-10-21 08:34:18,2023-10-21 10:56:35
778,30.551092,114.229902,20,2023-10-21 08:34:18,2023-10-21 11:00:24
779,30.551175,114.232025,31,2023-10-21 08:34:18,2023-10-21 11:08:28
780,30.552309,114.22673,48,2023-10-21 08:34:18,2023-10-21 09:11:10
781,30.551968,114.226021,32,2023-10-21 08:34:18,2023-10-21 09:17:51
782,30.55165,114.22668,70,2023-10-21 08:34:18,2023-10-21 09:29:37
783,30.551727,114.226496,22,2023-10-21 08:34:18,2023-10-21 09:30:57
784,30.551004,114.228535,26,2023-10-21 08:34:18,2023-10-21 10:18:08
785,30.550222,114.204614,101,2023-10-21 07:42:38,2023-10-21 08:48:55
786,30.551228,114.204468,46,2023-10-21 07:42:38,2023-10-21 09:47:30
787,30.549998,114.271198,4,2023-10-21 07:28:07,2023-10-21 08:35:34
788,30.549964,114.270796,5,2023-10-21 07:28:07,2023-10-21 08:37:10
789,30.551905,114.269843,56,2023-10-21 07:28:07,2023-10-21 08:43:38
790,30.551056,114.271556,4,2023-10-21 07:28:07,2023-10-21 08:59:38
791,30.552012,114.273042,6,2023-10-21 07:28:07,2023-10-21 09:11:53
792,30.551956,114.273448,8,2023-10-21 07:28:07,2023-10-21 09:13:10
793,30.55188,114.273596,63,2023-10-21 07:28:07,2023-10-21 09:17:25
794,30.551901,114.274501,173,2023-10-21 07:28:07,2023-10-21 09:25:21
795,30.552088,114.275173,101,2023-10-21 07:28:07,2023-10-21 09:37:44
796,30.553065,114.27879,67,2023-10-21 07:28:07,2023-10-21 09:48:44
797,30.553393,114.279426,24,2023-10-21 07:28:07,2023-10-21 09:54:07
798,30.552578,114.279768,21,2023-10-21 07:28:07,2023-10-21 10:02:26
799,30.551124,114.266744,5,2023-10-21 07:47:52,2023-10-21 08:29:44
800,30.551132,114.267891,254,2023-10-21 07:47:52,2023-10-21 08:54:19
801,30.55087,114.26922,37,2023-10-21 08:32:46,2023-10-21 08:59:48
802,30.549878,114.262878,8,2023-10-21 07:47:52,2023-10-21 09:21:01
803,30.549948,114.262938,116,2023-10-21 07:47:52,2023-10-21 09:25:51
804,30.550222,114.262227,37,2023-10-21 07:47:52,2023-10-21 09:45:37
805,30.550384,114.261584,5,2023-10-21 07:47:52,2023-10-21 09:46:31
806,30.550004,114.260534,30,2023-10-21 07:47:52,2023-10-21 09:53:47
807,30.5501,114.260301,9,2023-10-21 07:47:52,2023-10-21 09:56:20
808,30.550355,114.259705,6,2023-10-21 07:47:52,2023-10-21 09:58:25
809,30.550375,114.257808,10,2023-10-21 07:47:52,2023-10-21 10:01:35
810,30.550459,114.256059,161,2023-10-21 07:49:21,2023-10-21 08:53:40
811,30.55134,114.25548,32,2023-10-21 07:49:21,2023-10-21 09:02:49
812,30.55168,114.252385,13,2023-10-21 07:49:21,2023-10-21 09:09:14
813,30.552841,114.255781,23,2023-10-21 08:48:08,2023-10-21 09:53:41
814,30.554521,114.2058,4,2023-10-21 07:42:38,2023-10-21 09:51:28
815,30.554041,114.206011,18,2023-10-21 07:42:38,2023-10-21 09:54:21
816,30.552487,114.210137,17,2023-10-21 08:05:51,2023-10-21 09:56:25
817,30.55237,114.210067,20,2023-10-21 08:05:51,2023-10-21 10:04:09
818,30.554136,114.211869,37,2023-10-21 08:05:51,2023-10-21 10:07:55
819,30.553451,114.203551,49,2023-10-21 07:42:38,2023-10-21 08:23:48
820,30.553343,114.201874,87,2023-10-21 07:42:38,2023-10-21 08:30:20
821,30.552224,114.203914,22,2023-10-21 07:42:38,2023-10-21 08:36:23
822,30.55053,114.202941,18,2023-10-21 07:42:38,2023-10-21 09:02:10
823,30.55073,114.203337,8,2023-10-21 07:42:38,2023-10-21 09:02:37
824,30.551122,114.201759,16,2023-10-21 07:42:38,2023-10-21 09:11:16
825,30.551754,114.201959,66,2023-10-21 07:42:38,2023-10-21 09:25:42
826,30.55155,114.202541,81,2023-10-21 07:42:38,2023-10-21 09:30:15
827,30.551553,114.20254,39,2023-10-21 07:42:38,2023-10-21 09:36:13
828,30.551611,114.20223,7,2023-10-21 07:42:38,2023-10-21 09:39:53
829,30.554279,114.22187,15,2023-10-21 08:39:05,2023-10-21 08:58:47
830,30.552145,114.225497,4,2023-10-21 08:39:05,2023-10-21 10:24:21
831,30.552186,114.225138,83,2023-10-21 08:39:05,2023-10-21 10:29:02
832,30.552158,114.222023,115,2023-10-21 08:39:05,2023-10-21 10:45:20
833,30.552343,114.221443,1,2023-10-21 08:39:05,2023-10-21 10:47:17
834,30.552065,114.23853,33,2023-10-21 07:16:22,2023-10-21 09:02:43
835,30.55183,114.238312,34,2023-10-21 07:16:22,2023-10-21 09:05:01
836,30.551769,114.236839,30,2023-10-21 07:16:22,2023-10-21 09:12:46
837,30.555218,114.236848,13,2023-10-21 07:16:22,2023-10-21 09:46:02
838,30.554008,114.238638,30,2023-10-21 07:16:22,2023-10-21 09:54:31
839,30.55441,114.239025,42,2023-10-21 07:16:22,2023-10-21 09:56:09
840,30.554121,114.239591,1,2023-10-21 07:16:22,2023-10-21 09:59:37
841,30.554031,114.21394,22,2023-10-21 08:05:51,2023-10-21 10:22:32
842,30.554498,114.214388,26,2023-10-21 08:05:51,2023-10-21 10:27:30
843,30.554824,114.204944,44,2023-10-21 07:42:38,2023-10-21 09:59:45
844,30.554075,114.204247,66,2023-10-21 07:42:38,2023-10-21 10:13:18
845,30.554725,114.204095,36,2023-10-21 07:42:38,2023-10-21 10:18:50
846,30.554804,114.203233,20,2023-10-21 07:42:38,2023-10-21 10:22:14
847,30.554418,114.203179,4,2023-10-21 07:42:38,2023-10-21 10:28:21
848,30.555247,114.235967,3,2023-10-21 07:16:22,2023-10-21 08:56:04
849,30.55313,114.234256,90,2023-10-21 07:16:22,2023-10-21 09:18:15
850,30.552885,114.23404,2,2023-10-21 07:16:22,2023-10-21 09:22:16
851,30.553597,114.235588,77,2023-10-21 07:16:22,2023-10-21 09:31:42
852,30.554265,114.236919,10,2023-10-21 07:16:22,2023-10-21 09:40:52
853,30.553051,114.216492,22,2023-10-21 08:05:51,2023-10-21 10:41:17
854,30.553379,114.216099,11,2023-10-21 08:05:51,2023-10-21 10:44:48
855,30.552815,114.215942,6,2023-10-21 08:05:51,2023-10-21 10:48:04
856,30.553011,114.215611,1,2023-10-21 08:05:51,2023-10-21 10:49:15
857,30.556701,114.212681,104,2023-10-21 08:08:07,2023-10-21 10:46:06
858,30.556545,114.212765,5,2023-10-21 08:08:07,2023-10-21 10:46:51
859,30.556389,114.212466,40,2023-10-21 08:08:07,2023-10-21 10:48:10
860,30.555518,114.211518,32,2023-10-21 08:08:07,2023-10-21 10:52:10
861,30.554531,114.211568,34,2023-10-21 08:05:51,2023-10-21 10:09:57
862,30.556753,114.213387,25,2023-10-21 08:05:51,2023-10-21 10:15:47
863,30.556215,114.215204,17,2023-10-21 08:05:51,2023-10-21 10:34:54
864,30.553942,114.250381,69,2023-10-21 07:14:33,2023-10-21 07:50:19
865,30.552074,114.249901,67,2023-10-21 07:14:33,2023-10-21 07:55:15
866,30.553848,114.245427,137,2023-10-21 07:14:33,2023-10-21 08:00:36
867,30.553417,114.243468,12,2023-10-21 07:14:33,2023-10-21 08:05:29
868,30.553609,114.243589,4,2023-10-21 07:14:33,2023-10-21 08:06:09
869,30.555282,114.246262,47,2023-10-21 07:14:33,2023-10-21 08:09:15
870,30.553886,114.245361,107,2023-10-21 07:14:33,2023-10-21 08:58:09
871,30.555742,114.245442,70,2023-10-21 07:14:33,2023-10-21 10:22:39
872,30.552876,114.251466,219,2023-10-21 07:49:21,2023-10-21 09:16:30
873,30.553248,114.251468,75,2023-10-21 07:49:21,2023-10-21 09:17:55
874,30.552216,114.251466,25,2023-10-21 07:49:21,2023-10-21 09:21:07
875,30.551488,114.250738,126,2023-10-21 07:49:21,2023-10-21 09:26:14
876,30.5527,114.251836,33,2023-10-21 07:49:21,2023-10-21 09:33:04
877,30.552377,114.251777,6,2023-10-21 07:49:21,2023-10-21 09:36:48
878,30.552338,114.251698,17,2023-10-21 07:49:21,2023-10-21 09:37:28
879,30.553886,114.231301,18,2023-10-21 08:22:25,2023-10-21 08:39:55
880,30.55384,114.231687,22,2023-10-21 08:22:25,2023-10-21 08:42:25
881,30.553997,114.230873,43,2023-10-21 08:22:25,2023-10-21 08:49:04
882,30.553999,114.230499,54,2023-10-21 08:22:25,2023-10-21 08:53:57
883,30.554982,114.231431,114,2023-10-21 08:22:25,2023-10-21 09:17:23
884,30.553992,114.230872,53,2023-10-21 08:22:25,2023-10-21 09:17:50
885,30.553416,114.230516,69,2023-10-21 08:22:25,2023-10-21 09:17:57
886,30.555301,114.230339,72,2023-10-21 08:22:25,2023-10-21 09:28:59
887,30.556293,114.23161,3,2023-10-21 08:22:25,2023-10-21 09:31:08
888,30.555557,114.229897,38,2023-10-21 08:22:25,2023-10-21 09:34:45
889,30.554724,114.228943,15,2023-10-21 08:22:25,2023-10-21 09:39:38
890,30.55196,114.209034,21,2023-10-21 08:05:51,2023-10-21 09:46:29
891,30.551936,114.209076,6,2023-10-21 08:05:51,2023-10-21 09:50:19
892,30.556709,114.224076,11,2023-10-21 08:03:03,2023-10-21 08:20:01
893,30.557213,114.22451,30,2023-10-21 08:03:03,2023-10-21 08:24:57
894,30.557448,114.225728,6,2023-10-21 08:02:00,2023-10-21 08:33:40
895,30.557135,114.225765,37,2023-10-21 08:02:00,2023-10-21 08:37:10
896,30.556832,114.226344,77,2023-10-21 08:02:00,2023-10-21 08:45:47
897,30.557036,114.227176,48,2023-10-21 08:02:00,2023-10-21 08:51:37
898,30.553236,114.225996,1,2023-10-21 08:02:00,2023-10-21 08:55:47
899,30.553994,114.224944,138,2023-10-21 08:02:00,2023-10-21 09:05:37
900,30.554817,114.225384,107,2023-10-21 08:02:00,2023-10-21 09:12:17
901,30.555075,114.224991,72,2023-10-21 08:02:00,2023-10-21 09:19:25
902,30.555351,114.225691,1,2023-10-21 08:02:00,2023-10-21 09:21:30
903,30.555132,114.224802,48,2023-10-21 08:02:00,2023-10-21 09:28:20
904,30.551406,114.197619,35,2023-10-21 07:42:38,2023-10-21 09:17:55
905,30.548963,114.195263,20,2023-10-21 08:00:59,2023-10-21 09:42:39
906,30.55579,114.205795,28,2023-10-21 08:49:06,2023-10-21 10:26:14
907,30.556145,114.205025,146,2023-10-21 08:49:06,2023-10-21 10:38:30
908,30.557393,114.205335,30,2023-10-21 08:49:06,2023-10-21 10:42:28
909,30.557708,114.206148,124,2023-10-21 08:49:06,2023-10-21 10:57:47
910,30.557221,114.196331,4,2023-10-21 07:57:50,2023-10-21 10:48:31
911,30.556885,114.198395,10,2023-10-21 07:57:50,2023-10-21 10:51:03
912,30.555084,114.223347,1,2023-10-21 08:03:03,2023-10-21 08:17:13
913,30.556865,114.223934,15,2023-10-21 08:03:03,2023-10-21 08:21:34
914,30.557294,114.223299,38,2023-10-21 08:03:03,2023-10-21 08:33:19
915,30.556501,114.223061,25,2023-10-21 08:03:03,2023-10-21 08:33:39
916,30.556109,114.222358,159,2023-10-21 08:03:03,2023-10-21 08:45:00
917,30.555638,114.221378,55,2023-10-21 08:03:03,2023-10-21 08:48:21
918,30.557091,114.222031,147,2023-10-21 08:03:03,2023-10-21 09:12:13
919,30.557135,114.221107,69,2023-10-21 08:03:03,2023-10-21 09:20:36
920,30.557853,114.220983,7,2023-10-21 08:03:03,2023-10-21 09:22:31
921,30.556827,114.220667,45,2023-10-21 08:03:03,2023-10-21 09:27:11
922,30.555786,114.219124,108,2023-10-21 08:03:03,2023-10-21 09:35:33
923,30.556001,114.219168,19,2023-10-21 08:03:03,2023-10-21 09:38:43
924,30.555967,114.218827,63,2023-10-21 08:03:03,2023-10-21 09:44:27
925,30.557578,114.218917,25,2023-10-21 08:03:03,2023-10-21 09:52:07
926,30.555973,114.218071,11,2023-10-21 08:03:03,2023-10-21 09:56:20
927,30.557073,114.216043,19,2023-10-21 07:41:34,2023-10-21 08:42:52
928,30.557385,114.216067,19,2023-10-21 07:41:34,2023-10-21 08:43:48
929,30.559374,114.195404,19,2023-10-21 07:33:29,2023-10-21 07:41:17
930,30.559452,114.213615,70,2023-10-21 07:41:34,2023-10-21 08:06:56
931,30.558716,114.226313,94,2023-10-21 08:02:00,2023-10-21 08:22:00
932,30.558858,114.226268,42,2023-10-21 08:02:00,2023-10-21 08:24:30
933,30.558149,114.2255,15,2023-10-21 08:02:00,2023-10-21 08:29:16
934,30.558866,114.227916,10,2023-10-21 08:02:00,2023-10-21 09:44:32
935,30.558432,114.227905,37,2023-10-21 08:02:00,2023-10-21 09:49:47
936,30.558921,114.227179,12,2023-10-21 08:02:00,2023-10-21 09:53:31
937,30.55809,114.272828,9,2023-10-21 07:28:07,2023-10-21 10:20:15
938,30.560586,114.199812,237,2023-10-21 08:07:25,2023-10-21 08:42:35
939,30.560008,114.198084,40,2023-10-21 08:07:25,2023-10-21 08:55:03
940,30.559319,114.20285,223,2023-10-21 06:56:33,2023-10-21 07:10:14
941,30.560414,114.204944,33,2023-10-21 08:49:06,2023-10-21 09:26:59
942,30.559157,114.205227,83,2023-10-21 08:49:06,2023-10-21 09:35:50
943,30.560448,114.210792,9,2023-10-21 07:41:34,2023-10-21 07:57:18
944,30.559817,114.213006,72,2023-10-21 07:41:34,2023-10-21 08:03:17
945,30.559257,114.212322,94,2023-10-21 07:41:34,2023-10-21 08:22:16
946,30.559507,114.212613,2,2023-10-21 07:41:34,2023-10-21 08:26:25
947,30.559623,114.212513,11,2023-10-21 07:41:34,2023-10-21 08:27:33
948,30.559452,114.212601,13,2023-10-21 07:41:34,2023-10-21 08:29:24
949,30.559219,114.211789,13,2023-10-21 07:41:34,2023-10-21 08:30:35
950,30.56192,114.220667,11,2023-10-21 08:31:30,2023-10-21 09:54:41
951,30.561773,114.221176,95,2023-10-21 08:31:30,2023-10-21 10:00:43
952,30.561211,114.222921,6,2023-10-21 08:31:30,2023-10-21 10:05:06
953,30.559985,114.221336,52,2023-10-21 08:31:30,2023-10-21 10:19:31
954,30.560339,114.220439,18,2023-10-21 08:31:30,2023-10-21 10:22:30
955,30.560553,114.219923,119,2023-10-21 08:31:30,2023-10-21 10:33:58
956,30.560831,114.220169,37,2023-10-21 08:31:30,2023-10-21 10:39:30
957,30.560667,114.227416,82,2023-10-21 08:31:30,2023-10-21 09:25:35
958,30.560391,114.227473,5,2023-10-21 08:31:30,2023-10-21 09:26:55
959,30.561066,114.245209,26,2023-10-21 07:14:33,2023-10-21 08:12:39
960,30.562568,114.246128,80,2023-10-21 07:14:33,2023-10-21 08:17:23
961,30.562325,114.245665,30,2023-10-21 07:14:33,2023-10-21 08:21:05
962,30.563101,114.22568,12,2023-10-21 08:31:30,2023-10-21 09:31:01
963,30.562684,114.225583,14,2023-10-21 08:31:30,2023-10-21 10:09:42
964,30.56328,114.221142,13,2023-10-21 07:47:39,2023-10-21 08:14:04
965,30.563648,114.222061,226,2023-10-21 07:47:39,2023-10-21 08:31:14
966,30.563727,114.222479,41,2023-10-21 07:47:39,2023-10-21 08:39:40
967,30.563321,114.223761,5,2023-10-21 08:31:30,2023-10-21 09:45:54
968,30.563421,114.223772,23,2023-10-21 08:31:30,2023-10-21 09:47:55
969,30.56348,114.223896,2,2023-10-21 08:31:30,2023-10-21 09:50:09
970,30.561322,114.223036,7,2023-10-21 08:31:30,2023-10-21 10:06:30
971,30.563134,114.246654,6,2023-10-21 07:14:33,2023-10-21 08:53:05
972,30.564228,114.220421,38,2023-10-21 07:35:55,2023-10-21 08:55:23
973,30.563307,114.220147,15,2023-10-21 07:35:55,2023-10-21 08:59:19
974,30.56435,114.220413,4,2023-10-21 07:35:55,2023-10-21 09:05:14
975,30.562908,114.2433,77,2023-10-21 07:14:33,2023-10-21 08:42:39
976,30.559252,114.230965,127,2023-10-21 08:22:25,2023-10-21 09:55:08
977,30.559233,114.231493,56,2023-10-21 08:22:25,2023-10-21 09:55:27
978,30.559736,114.231438,6,2023-10-21 08:22:25,2023-10-21 09:57:23
979,30.559971,114.230263,15,2023-10-21 08:22:25,2023-10-21 10:00:58
980,30.559807,114.231096,18,2023-10-21 08:22:25,2023-10-21 10:02:11
981,30.556952,114.230375,41,2023-10-21 08:22:25,2023-10-21 10:07:53
982,30.558269,114.230349,13,2023-10-21 08:22:25,2023-10-21 10:12:05
983,30.55833,114.22959,53,2023-10-21 08:22:25,2023-10-21 10:16:51
984,30.562019,114.23011,69,2023-10-21 08:22:25,2023-10-21 10:26:32
985,30.561751,114.229277,39,2023-10-21 08:22:25,2023-10-21 10:26:50
986,30.562283,114.230164,3,2023-10-21 08:22:25,2023-10-21 10:29:01
987,30.561717,114.23096,7,2023-10-21 08:22:25,2023-10-21 10:30:24
988,30.555965,114.240477,74,2023-10-21 07:16:22,2023-10-21 07:38:30
989,30.556921,114.240487,262,2023-10-21 07:16:22,2023-10-21 07:50:05
990,30.558151,114.234713,128,2023-10-21 07:16:22,2023-10-21 07:57:29
991,30.556594,114.238054,130,2023-10-21 07:16:22,2023-10-21 08:02:21
992,30.556429,114.237679,90,2023-10-21 07:16:22,2023-10-21 08:04:12
993,30.557684,114.23839,52,2023-10-21 07:16:22,2023-10-21 08:09:21
994,30.557274,114.23651,28,2023-10-21 07:16:22,2023-10-21 08:17:07
995,30.558969,114.236559,17,2023-10-21 07:16:22,2023-10-21 08:21:41
996,30.558828,114.236058,123,2023-10-21 07:16:22,2023-10-21 08:24:43
997,30.557877,114.236017,188,2023-10-21 07:16:22,2023-10-21 08:32:35
998,30.557013,114.234983,122,2023-10-21 07:16:22,2023-10-21 08:39:30
999,30.556739,114.235708,18,2023-10-21 07:16:22,2023-10-21 08:42:40
1000,30.556385,114.235598,24,2023-10-21 07:16:22,2023-10-21 08:45:01
1001,30.55682,114.234076,114,2023-10-21 07:16:22,2023-10-21 08:51:47
1002,30.565853,114.244574,34,2023-10-21 07:14:33,2023-10-21 08:25:41
1003,30.564777,114.245112,4,2023-10-21 07:14:33,2023-10-21 08:28:49
1004,30.564492,114.244601,32,2023-10-21 07:14:33,2023-10-21 08:32:43
1005,30.564879,114.24418,4,2023-10-21 07:14:33,2023-10-21 08:34:42
1006,30.565045,114.22466,29,2023-10-21 07:47:39,2023-10-21 08:50:38
1007,30.564066,114.224566,1,2023-10-21 07:47:39,2023-10-21 09:01:34
1008,30.564645,114.223917,104,2023-10-21 07:47:39,2023-10-21 09:02:48
1009,30.564103,114.223993,25,2023-10-21 07:47:39,2023-10-21 09:09:02
1010,30.563276,114.228066,9,2023-10-21 07:47:39,2023-10-21 09:15:30
1011,30.563827,114.226721,18,2023-10-21 07:47:39,2023-10-21 09:19:49
1012,30.5651,114.225618,66,2023-10-21 07:47:39,2023-10-21 09:28:44
1013,30.567487,114.224531,3,2023-10-21 07:47:39,2023-10-21 09:41:50
1014,30.562984,114.226372,17,2023-10-21 08:31:30,2023-10-21 09:37:05
1015,30.563435,114.225128,6,2023-10-21 08:31:30,2023-10-21 09:41:21
1016,30.565322,114.243735,4,2023-10-21 07:14:33,2023-10-21 08:36:23
1017,30.568605,114.238267,46,2023-10-21 07:47:39,2023-10-21 10:00:46
1018,30.56761,114.235756,69,2023-10-21 07:47:39,2023-10-21 10:23:07
1019,30.565548,114.240038,8,2023-10-21 07:14:33,2023-10-21 08:46:55
1020,30.565784,114.239146,79,2023-10-21 07:14:33,2023-10-21 08:48:47
1021,30.565517,114.23624,15,2023-10-21 08:07:25,2023-10-21 09:42:56
1022,30.568031,114.235144,8,2023-10-21 08:07:25,2023-10-21 09:43:17
1023,30.565951,114.235541,45,2023-10-21 08:07:25,2023-10-21 09:44:03
1024,30.565031,114.235904,1,2023-10-21 08:07:25,2023-10-21 09:51:16
1025,30.564849,114.236353,4,2023-10-21 08:07:25,2023-10-21 09:53:33
1026,30.564899,114.236283,1,2023-10-21 08:07:25,2023-10-21 09:53:55
1027,30.56481,114.236535,5,2023-10-21 08:07:25,2023-10-21 09:54:25
1028,30.564742,114.236634,20,2023-10-21 08:07:25,2023-10-21 10:00:29
1029,30.565137,114.237369,2,2023-10-21 08:07:25,2023-10-21 10:06:41
1030,30.565843,114.220212,181,2023-10-21 07:35:55,2023-10-21 08:03:09
1031,30.567801,114.217727,26,2023-10-21 07:35:55,2023-10-21 08:12:45
1032,30.567759,114.218439,56,2023-10-21 07:35:55,2023-10-21 08:16:08
1033,30.567682,114.220662,86,2023-10-21 07:35:55,2023-10-21 08:32:11
1034,30.567401,114.219851,26,2023-10-21 07:35:55,2023-10-21 08:39:00
1035,30.566261,114.221862,51,2023-10-21 07:35:55,2023-10-21 08:51:45
1036,30.566616,114.221736,11,2023-10-21 07:35:55,2023-10-21 08:52:14
1037,30.565089,114.220339,25,2023-10-21 07:35:55,2023-10-21 09:01:39
1038,30.564671,114.220611,2,2023-10-21 07:35:55,2023-10-21 09:04:43
1039,30.564683,114.220543,9,2023-10-21 07:35:55,2023-10-21 09:04:58
1040,30.564827,114.219398,39,2023-10-21 07:35:55,2023-10-21 09:07:55
1041,30.564875,114.218878,31,2023-10-21 07:35:55,2023-10-21 09:09:16
1042,30.564584,114.219349,12,2023-10-21 07:35:55,2023-10-21 09:09:43
1043,30.566962,114.216895,18,2023-10-21 07:35:55,2023-10-21 09:44:08
1044,30.567025,114.215875,21,2023-10-21 07:35:55,2023-10-21 09:45:04
1045,30.567025,114.215875,5,2023-10-21 07:35:55,2023-10-21 09:45:20
1046,30.568012,114.214615,65,2023-10-21 07:35:55,2023-10-21 09:57:05
1047,30.56808,114.213812,37,2023-10-21 07:35:55,2023-10-21 09:57:49
1048,30.568068,114.214156,7,2023-10-21 07:35:55,2023-10-21 09:58:15
1049,30.567916,114.215036,22,2023-10-21 07:35:55,2023-10-21 09:59:18
1050,30.567213,114.215803,19,2023-10-21 07:35:55,2023-10-21 09:59:26
1051,30.567065,114.213907,14,2023-10-21 07:35:55,2023-10-21 10:11:30
1052,30.565798,114.215141,112,2023-10-21 08:36:42,2023-10-21 10:06:25
1053,30.565106,114.21565,2,2023-10-21 08:36:42,2023-10-21 10:08:40
1054,30.565275,114.215714,9,2023-10-21 08:36:42,2023-10-21 10:09:02
1055,30.564313,114.211854,46,2023-10-21 08:36:42,2023-10-21 10:18:49
1056,30.564135,114.211766,3,2023-10-21 08:36:42,2023-10-21 10:23:31
1057,30.564055,114.211703,7,2023-10-21 08:36:42,2023-10-21 10:24:35
1058,30.564299,114.212727,53,2023-10-21 08:36:42,2023-10-21 10:30:20
1059,30.565491,114.214019,32,2023-10-21 08:36:42,2023-10-21 10:37:51
1060,30.564159,114.214928,28,2023-10-21 08:36:42,2023-10-21 10:44:08
1061,30.56385,114.213464,22,2023-10-21 08:36:42,2023-10-21 10:51:00
1062,30.563169,114.211235,1,2023-10-21 08:36:42,2023-10-21 10:57:41
1063,30.563599,114.211699,13,2023-10-21 08:36:42,2023-10-21 10:59:24
1064,30.562487,114.211372,13,2023-10-21 08:36:42,2023-10-21 11:00:07
1065,30.559663,114.218453,60,2023-10-21 07:41:34,2023-10-21 08:50:00
1066,30.561089,114.218129,7,2023-10-21 07:41:34,2023-10-21 08:51:15
1067,30.56105,114.216568,2,2023-10-21 07:41:34,2023-10-21 08:55:25
1068,30.561122,114.216616,2,2023-10-21 07:41:34,2023-10-21 08:56:18
1069,30.561711,114.216899,16,2023-10-21 07:41:34,2023-10-21 08:57:37
1070,30.561148,114.216478,31,2023-10-21 07:41:34,2023-10-21 09:00:00
1071,30.562268,114.218219,29,2023-10-21 07:41:34,2023-10-21 09:03:43
1072,30.56062,114.214725,59,2023-10-21 07:41:34,2023-10-21 09:12:17
1073,30.56209,114.214354,26,2023-10-21 07:41:34,2023-10-21 09:17:14
1074,30.562737,114.215256,134,2023-10-21 07:41:34,2023-10-21 09:24:31
1075,30.562732,114.215252,2,2023-10-21 07:41:34,2023-10-21 09:25:35
1076,30.563516,114.216031,6,2023-10-21 07:41:34,2023-10-21 09:32:17
1077,30.562182,114.2198,48,2023-10-21 07:41:34,2023-10-21 09:40:46
1078,30.561112,114.219027,29,2023-10-21 07:41:34,2023-10-21 09:42:57
1079,30.565607,114.217125,95,2023-10-21 07:41:34,2023-10-21 09:53:18
1080,30.551695,114.215003,68,2023-10-21 08:05:51,2023-10-21 09:19:29
1081,30.551207,114.213684,105,2023-10-21 08:05:51,2023-10-21 09:26:55
1082,30.551655,114.212814,32,2023-10-21 08:05:51,2023-10-21 09:29:19
1083,30.550655,114.212435,51,2023-10-21 08:05:51,2023-10-21 09:40:32
1084,30.546468,114.212423,86,2023-10-21 08:29:28,2023-10-21 10:13:47
1085,30.548874,114.221304,51,2023-10-21 08:39:05,2023-10-21 10:51:50
1086,30.536249,114.24707,28,2023-10-21 07:51:23,2023-10-21 09:07:11
1087,30.534623,114.247323,14,2023-10-21 07:51:23,2023-10-21 09:12:07
1088,30.532678,114.245405,2,2023-10-21 07:51:23,2023-10-21 09:20:20
1089,30.53166,114.24599,81,2023-10-21 07:51:23,2023-10-21 09:24:07
1090,30.538742,114.245552,50,2023-10-21 07:51:23,2023-10-21 10:22:27
1091,30.546888,114.235988,98,2023-10-21 08:34:18,2023-10-21 08:53:52
1092,30.550633,114.235613,61,2023-10-21 08:34:18,2023-10-21 08:59:43
1093,30.549111,114.228831,79,2023-10-21 08:34:18,2023-10-21 10:37:40
1094,30.549133,114.229131,49,2023-10-21 08:34:18,2023-10-21 10:46:42
1095,30.549269,114.229962,30,2023-10-21 08:34:18,2023-10-21 10:49:46
1096,30.548099,114.228573,49,2023-10-21 08:31:09,2023-10-21 10:26:56
1097,30.547406,114.228358,25,2023-10-21 08:31:09,2023-10-21 10:31:54
1098,30.559632,114.266062,41,2023-10-21 07:28:07,2023-10-21 10:29:14
1099,30.546635,114.258679,110,2023-10-21 07:47:52,2023-10-21 08:19:53
1100,30.546901,114.260282,2,2023-10-21 07:47:52,2023-10-21 10:58:13
1101,30.547746,114.25636,6,2023-10-21 07:47:52,2023-10-21 10:05:29
1102,30.545905,114.256427,1,2023-10-21 07:47:52,2023-10-21 10:09:54
1103,30.544038,114.257348,27,2023-10-21 07:47:52,2023-10-21 10:13:12
1104,30.54422,114.257184,1,2023-10-21 07:47:52,2023-10-21 10:13:29
1105,30.549879,114.255057,48,2023-10-21 07:49:21,2023-10-21 10:18:37
1106,30.548624,114.255057,17,2023-10-21 07:49:21,2023-10-21 10:21:09
1107,30.549134,114.254982,10,2023-10-21 07:49:21,2023-10-21 10:23:22
1108,30.549879,114.255057,16,2023-10-21 07:49:21,2023-10-21 10:24:47
1109,30.548581,114.255435,5,2023-10-21 07:49:21,2023-10-21 10:29:37
1110,30.512498,114.235748,12,2023-10-21 08:32:32,2023-10-21 09:28:36
1111,30.513671,114.233591,117,2023-10-21 08:32:32,2023-10-21 09:15:54
1112,30.553275,114.28053,3,2023-10-21 07:28:07,2023-10-21 10:05:12
1113,30.568,114.222622,33,2023-10-21 07:35:55,2023-10-21 08:47:23
1114,30.569131,114.224061,97,2023-10-21 07:35:55,2023-10-21 10:21:43
1115,30.568043,114.226013,3,2023-10-21 08:36:42,2023-10-21 09:05:03
1116,30.567944,114.225395,63,2023-10-21 08:36:42,2023-10-21 09:16:05
1117,30.567934,114.225333,67,2023-10-21 08:36:42,2023-10-21 09:19:30
1118,30.567789,114.225604,59,2023-10-21 08:36:42,2023-10-21 09:32:25
1119,30.570331,114.222785,16,2023-10-21 07:35:55,2023-10-21 08:07:21
1120,30.568627,114.217301,4,2023-10-21 07:35:55,2023-10-21 08:19:08
1121,30.568981,114.217021,20,2023-10-21 07:35:55,2023-10-21 08:19:50
1122,30.568869,114.218056,1,2023-10-21 07:35:55,2023-10-21 08:22:24
1123,30.568429,114.218306,131,2023-10-21 07:35:55,2023-10-21 08:29:37
1124,30.568693,114.218081,9,2023-10-21 07:35:55,2023-10-21 08:30:01
1125,30.544031,114.205921,18,2023-10-21 08:51:35,2023-10-21 09:42:19
1126,30.54416,114.209453,67,2023-10-21 08:41:52,2023-10-21 09:10:43
